step,epair,temperature,pressure,density,volume
0,-1484.4470161230701706,0,19374.806445454159984,1.002139390190229129,8000
100,-2679.8123034173695487,71.324803981848901913,5600.5558962412324036,1.0544899553494202493,8000
200,-2755.8443826953421194,84.240884982376968537,8496.4049724487013009,1.0694472596806179343,8000
300,-2764.9907429058871458,111.87101004181573671,7656.1936625881216969,1.073186585763417078,8000
400,-2753.5423308203889974,143.0690200650263364,8893.8892289224222623,1.0769259118462159996,8000
500,-2818.9575646684147614,150.29084785565237325,6837.0415060377017653,1.073186585763417078,8000
600,-2683.3444437654161447,160.27258822419554463,6207.7225431969254714,1.0507506292666208836,8000
700,-2703.0227736395804641,178.64404856471676908,5547.4941556866906467,1.0582292814322198371,8000
800,-2755.3562294064681737,200.90461362632689202,8669.9190075277820142,1.0731865857634173,8000
900,-2769.6590656938633401,203.76952285762058636,9484.6289502962263214,1.0731865857634173,8000
1000,-2718.6358730956585532,214.78077465428970072,6003.7497784999859505,1.0507506292666206615,8000
1100,-2640.6530549004414752,232.21499673000377584,6718.0938438868524827,1.0432719771010219301,8000
1200,-2697.5725301591292009,233.35221817543236966,6665.8715043535776203,1.0582292814322198371,8000
1300,-2665.5155264238751442,239.20269825017297194,6154.9392990600999838,1.0395326510182227864,8000
1400,-2719.1316775078603314,242.65005099298429059,6942.7607071196380275,1.0507506292666202175,8000
1500,-2736.3464747240573161,247.77115011691756763,9425.6595389532722038,1.0619686075150192028,8000
1600,-2644.4770371882705149,252.38670914956384195,7893.0175005438413791,1.0357933249354236427,8000
1700,-2691.8642828403121712,261.81814497830691835,7735.1922159364776235,1.0470113031838215178,8000
1800,-2675.6166841048639071,280.67540220986552413,10215.370763414097382,1.0619686075150187587,8000
1900,1199.1281713297707938,287.3922051895224854,51853.712329527064867,1.0395326510182227864,8000
2000,1124.0437077794726974,295.71704278479370487,52796.092588413986959,1.0544899553494202493,8000
2100,1102.3441272318571009,304.33605349700223996,53700.497485857958964,1.0657079335978181245,8000
2200,1245.8269825412469345,312.82768281399785337,50169.709012042396353,1.0320539988526242769,8000
2300,1155.9604852772497452,325.70119521611258051,52289.501838923584728,1.0470113031838210738,8000
2400,1249.8946184918374911,336.40443748500877064,50866.823383143877436,1.0320539988526236108,8000
2500,1653.7285178025845198,341.14882264521924071,59461.612939920945792,1.0507506292666204395,8000
2600,1177.528369897624998,350.87435642910389788,50986.558577129326295,1.0395326510182225643,8000
2700,1157.656178925167751,352.51563317470612446,52362.749026469697128,1.0507506292666208836,8000
2800,1275.5370832790454187,374.56930408189975878,50401.33343663100095,1.017096694521426592,8000
2900,1267.5351087944322899,365.71849478983972404,49309.956629990156216,1.0208360206042252916,8000
3000,1204.1449486391516075,372.0239491465052879,50532.894654443822219,1.0395326510182225643,8000
3100,1221.7380153490285011,390.27301563099695159,50363.220948620561103,1.0283146727698244671,8000
3200,1234.9185388761629838,397.2730152908707737,51233.593995790732151,1.0320539988526240549,8000
3300,1173.4418586280039563,398.43899294342315898,53245.253924233387806,1.0432719771010223742,8000
3400,1273.0625825960898965,417.51937113726137341,50838.290550921163231,1.0283146727698246892,8000
3500,2937.6292839272091442,404.95824260972716502,70092.413549661185243,1.0245753466870253234,8000
3600,2932.7131629992395574,408.41137647275667177,69620.348513666904182,1.0208360206042259577,8000
3700,2838.5984341889593452,430.37888027172448346,74645.475452403145027,1.0544899553494202493,8000
3800,2904.4388137023925083,435.95483616135408056,71939.049212083700695,1.0357933249354234206,8000
3900,2888.3808884491804747,434.98945130779276269,72160.701308290517773,1.0395326510182227864,8000
4000,2885.7447055742936755,428.26880227973396131,70965.052344542637002,1.0320539988526238329,8000
4100,3033.7468015824861141,442.12227727191879012,72911.454896406095941,1.0283146727698246892,8000
4200,3021.7264313171494905,433.53487278438444719,69725.667933151911711,1.0058787162730287168,8000
4300,3028.2645383162766848,426.67621787830205449,74689.21765696744842,1.0208360206042264018,8000
4400,2899.6912264000716277,428.00240826793913129,72866.474670640469412,1.0357933249354234206,8000
4500,2978.9802985307114795,443.15074025491742304,71466.518684768030653,1.0208360206042259577,8000
4600,3344.7134394634085766,425.81832431859129429,76177.389848035949399,1.0320539988526238329,8000
4700,6695.3575182542808761,432.92763005729312908,118554.04676162643591,1.0357933249354234206,8000
4800,6746.8047599953024474,422.10239703928493782,116486.38917609173222,1.0133573684386272262,8000
4900,6843.7436001599344308,439.05620531363604186,115072.38760702767468,0.99092141194183092079,8000
5000,6763.3710187293909257,445.14485383868537838,116873.14874458379927,1.0096180423558280825,8000
5100,6705.1560002865699062,425.23284582578764912,118992.76743584426004,1.0283146727698246892,8000
5200,6652.9530713105486939,420.60977709898401145,119900.19848328988883,1.0432719771010221521,8000
5300,6762.8524010461769649,431.25954804471945181,117580.07422929375025,1.0133573684386272262,8000
5400,6741.9339237233289168,428.18565657643654276,118618.99065156688448,1.0208360206042259577,8000
5500,6739.0081487698917044,420.86111770145635091,116094.70612793363398,1.0133573684386270042,8000
5600,6764.2284964078598932,418.17220534303908153,118714.6926830834127,1.0208360206042259577,8000
5700,6820.6538965129911958,419.30781120022265895,117440.20057699126482,1.002139390190228907,8000
5800,6763.3052677260366181,420.03631868862180454,117988.55342699147877,1.0133573684386272262,8000
5900,6847.7172986860423407,414.42417709964678352,121179.2471797587059,1.0283146727698246892,8000
6000,7243.8146278221774992,415.17634385135602315,125441.70433504803805,1.0245753466870251014,8000
6100,7391.579842567472042,431.57960899648134045,125400.09822351711045,1.0133573684386272262,8000
6200,7302.4736325721587491,445.50998103044571508,125371.53281935611449,1.0096180423558276384,8000
6300,7452.8984604106708503,415.63706766827829142,125223.13279807579238,0.97970343369343304563,8000
6400,7510.6641206630729357,411.29868316239486603,127462.05157886361121,1.0058787162730284948,8000
6500,7664.0148046231961416,414.94255899766682205,132323.50962458492722,1.002139390190228907,8000
6600,7734.2073059133927018,420.83999896038210409,132745.00703231952502,1.0058787162730284948,8000
6700,7713.2110268856758921,420.98468225563141232,129853.91977075890463,0.99092141194183103181,8000
6800,7642.2636846561517814,426.40789996854124411,130975.44056808318419,1.0133573684386272262,8000
6900,7655.4160469641083182,417.29964561266581313,129703.33535914823005,1.0058787162730284948,8000
7000,7663.2907855423463843,406.09805923469821209,132772.60810508561553,1.0096180423558278605,8000
7100,9078.7874285122125002,406.7408107021845467,147454.72213142478722,0.99466073802463028652,8000
7200,9051.9982307678565121,414.04285945615583842,145281.66994776373031,0.99466073802463006448,8000
7300,9141.8398251200396771,404.97313095583865561,148961.32169135691947,0.99840006410743009635,8000
7400,9081.9669204497859027,412.22022561033497823,145749.7438575932174,0.98718208585903166608,8000
7500,9087.0859613825305132,424.33655728314317912,147872.71586024243152,0.99466073802463006448,8000
7600,9055.4501782612096576,432.74816999933125317,147663.14009025099222,0.99092141194183103181,8000
7700,9103.6136914478847757,417.00188072009933649,147772.31277774937917,0.99466073802463050857,8000
7800,9080.127950994312414,417.05509425173329419,147122.5623629600741,0.99466073802463061959,8000
7900,9174.0597310169268894,412.81463090642165525,146112.34836725753848,0.96100680327943621695,8000
8000,9123.2531472184127779,428.92100981802451543,143455.27782168224803,0.97596410761063379091,8000
8100,9075.3580879074816039,415.99334912076727733,146988.90742849200615,0.98344275977623218932,8000
8200,9273.8040294812872162,421.84805439360337687,152248.30596245717607,0.99840006410742954124,8000
8300,9272.9461085030688992,408.65891123876065194,149211.88770706718788,0.98718208585903166608,8000
8400,9269.7660194252894144,404.95102857324275192,149630.94456851642462,0.97970343369343304563,8000
8500,9254.4396263337021082,417.15213946271853729,149893.91916409545229,0.99466073802463084164,8000
8600,9212.398543876799522,415.07184518679656549,152014.21357009920757,1.0058787162730284948,8000
8700,9574.1549490282377519,400.71276259958438004,156839.80449587787734,0.99466073802463028652,8000
8800,9457.9259682884512586,423.89944776851285724,154750.44599087198731,0.99466073802463061959,8000
8900,9619.4470395904900215,407.9252126523304014,153812.37554222522886,0.95726747719663662917,8000
9000,26999.594028897146927,408.03691268599970954,361676.19940887525445,0.9984000641074298743,8000
9100,27030.546037167663599,409.87427289356497795,361604.07663460535696,0.99466073802463050857,8000
9200,27013.563640814270912,397.47103432458601446,362188.31240730982972,0.9984000641074298743,8000
9300,27008.255814456817461,410.89518903219385493,363708.74453892500605,1.0058787162730284948,8000
9400,26992.941814626821724,408.43090613155499113,361492.10611081303796,1.0021393901902293511,8000
9500,27014.02059982645369,402.86429017040001099,363254.23558834113646,0.99840006410742965226,8000
9600,27342.428755529097543,397.60841588152442228,365969.09146014024736,0.99092141194183125386,8000
9700,27370.012354344682535,400.05543615390087098,367388.78438983042724,1.002139390190229129,8000
9800,27383.827665317487117,414.04036379591207151,365268.06615585630061,0.97970343369343249051,8000
9900,27477.893538770713349,430.91498509317085563,369952.2769123854232,0.9871820858590317771,8000
10000,27462.911387309351994,429.195340053939276,367460.56336402817396,0.98344275977623218932,8000
10100,27337.834445162807242,419.99456813282040457,365876.22311220085248,1.002139390190229129,8000
10200,27434.293576608171861,414.19570831645296494,369440.19706518435851,1.0096180423558276384,8000
10300,27471.405575652817788,408.85737848068941958,364309.32027360709617,0.9684854554450348374,8000
10400,27419.511893144008354,401.08158374991461415,368038.52151962619973,0.99840006410742965226,8000
10500,27774.308461177501158,411.53933620680788863,373589.11420074821217,0.98718208585903166608,8000
10600,28161.958864452339185,426.98362511019377052,379607.45461532054469,1.002139390190228907,8000
10700,28299.856301335414173,411.71644391899184257,381740.3647795743891,0.99466073802463050857,8000
10800,28455.642241944391571,421.73837746132039683,383215.12351940030931,0.9984000641074298743,8000
10900,28469.814791748543939,429.23346245261427612,383299.82020428398391,0.99466073802463028652,8000
11000,28538.814101197225682,439.73479201918922854,385096.22821250045672,0.99466073802463050857,8000
11100,28643.12413333501172,447.41581430761726779,391163.97095918597188,1.0208360206042257357,8000
11200,28694.34951004481627,450.21992260027843713,389326.2074819424306,1.002139390190228907,8000
11300,28651.298509413172724,450.79153901594600029,393422.19156075554201,1.0320539988526242769,8000
11400,28783.82406833335699,430.18461261541074236,389893.47788249951554,0.99840006410742965226,8000
11500,39393.274534233067243,429.45936801846403341,515272.83109321264783,0.99466073802463050857,8000
11600,39156.762187360509415,440.82738791360571895,512596.75583181338152,1.0058787162730284948,8000
11700,39252.110779512440786,435.25063553627848023,514030.23008843301795,0.99840006410742954124,8000
11800,40532.478846769838128,434.13918028797507986,534019.7929294371279,1.0133573684386270042,8000
11900,40699.013926028193964,408.76086898474386544,531452.65255328151397,0.97596410761063367989,8000
12000,40758.786826940726314,417.36863493602140807,533401.13139734277502,0.99840006410742931919,8000
12100,44930.919908833966474,406.17859623848897854,586327.20348000049125,1.028314672769824023,8000
12200,44890.394857476603647,408.71829853079242412,585828.55606982589234,1.0283146727698249112,8000
12300,44942.734548752232513,414.81549743652709594,588936.55977750790771,1.0395326510182225643,8000
12400,45064.431460552623321,411.69473237232750762,586277.76367214263882,0.99466073802463050857,8000
12500,45243.939274220792868,418.78149639040202601,586942.03029073914513,0.99466073802463028652,8000
12600,45164.970082685729722,418.93926149965096783,591079.22178899310529,1.0170966945214263699,8000
12700,46574.215394071681658,419.96954359695843095,609954.70312108297367,1.0245753466870253234,8000
12800,46615.28723688411992,437.04629421887949547,608106.52607816562522,1.0096180423558274164,8000
12900,46630.998494677151029,433.05070482250209807,608926.17730103759095,1.017096694521426592,8000
13000,46640.293686130724382,423.85314809636543032,612014.36628440779168,1.0208360206042257357,8000
13100,46814.151868580775044,428.34723446427130966,613249.96362947579473,1.0058787162730284948,8000
13200,46801.401878292032052,417.39925254037711966,611368.04378655320033,1.0058787162730284948,8000
13300,47105.125800568108389,418.93633648797873548,619621.33289502887055,1.0096180423558276384,8000
13400,46970.961947820156638,419.12441766166534762,617753.29438445449341,1.0133573684386274483,8000
13500,46980.707591926242458,423.20137596504162047,616855.24371428601444,1.0133573684386270042,8000
13600,47567.191015872507705,425.7282136232463472,623276.94077049638145,1.0058787162730284948,8000
13700,50150.762144114509283,426.05526617017221724,657395.63328420789912,1.017096694521426592,8000
13800,50570.238308443796996,411.57668481272031613,663810.03454237908591,1.0133573684386272262,8000
13900,50679.787434858008055,417.71827525755850274,670564.28471143101342,1.0283146727698244671,8000
14000,52904.740353029388643,413.55837096619336535,695030.13247068610508,1.0320539988526238329,8000
14100,50759.013610587964649,412.46343335102085348,669130.32993536163121,1.0170966945214263699,8000
14200,50786.907240671949694,408.53218519619071003,667081.23098857875448,0.99840006410742931919,8000
14300,51023.50004047161201,405.22236484667996592,673684.0140215116553,1.0208360206042259577,8000
14400,50986.828251979102788,410.64335421002834892,673284.28454295976553,1.0283146727698244671,8000
14500,50992.146103712933837,406.51077312581492151,673021.1397174220765,1.0320539988526242769,8000
14600,51019.189721546252258,406.52695258564608594,679015.8580259984592,1.0507506292666204395,8000
14700,54908.017481320886873,424.61724390877384394,722324.17202524153981,1.0208360206042259577,8000
14800,55006.982523528597085,432.44944021046978833,722119.0975875282893,1.0133573684386270042,8000
14900,54895.561432366826921,436.73573461395187678,722714.43232739774976,1.0395326510182225643,8000
15000,54924.937192592478823,434.97976525819814242,725739.88689245539717,1.0470113031838212958,8000
15100,56797.413929024609388,426.09787394922926751,750265.86908924754243,1.0507506292666204395,8000
15200,56914.771431753440993,432.87910979017902946,749422.05577005539089,1.0320539988526236108,8000
15300,59203.840966750765801,421.57138119309183821,779101.78750705276616,1.0245753466870251014,8000
15400,59238.160664687602548,428.95560839747156479,782471.21824208996259,1.0470113031838210738,8000
15500,59272.35964986156614,430.65252815031561795,781076.96767531055957,1.0395326510182223423,8000
15600,60284.793960496514046,433.75021351120534518,797375.09937595832162,1.0507506292666208836,8000
15700,60409.938368999595696,440.46222347937322183,798528.88425131014083,1.0395326510182227864,8000
15800,60385.517137901930255,422.50865226418335396,798874.6480211407179,1.0395326510182225643,8000
15900,60473.239215974092076,434.2955654658890694,802901.84458885982167,1.0544899553494202493,8000
16000,63901.238924890923954,428.67119886259609984,843163.72478311148006,1.0544899553494202493,8000
16100,64094.987947157125745,431.56343411395403109,847811.60046694276389,1.0507506292666206615,8000
16200,63884.991648695257027,439.75921926304079079,845399.82664054445922,1.0544899553494202493,8000
16300,64264.53684057159262,446.76824346325224724,852227.92662917403504,1.0619686075150192028,8000
16400,64354.400617164435971,422.79329885413369539,854454.11512688640505,1.0694472596806177123,8000
16500,64392.300831091022701,423.20316936299559529,854410.30548005970195,1.058229281432219393,8000
16600,64776.956707823257602,421.92146997796066898,859712.12439296557568,1.0544899553494202493,8000
16700,64717.669614231999731,415.6205000503467204,857899.4584562939126,1.0395326510182225643,8000
16800,64703.412223245672067,428.00714907247242991,859683.26709653344005,1.0507506292666215497,8000
16900,66994.909299206570722,429.36704349684748649,889599.83671953715384,1.0395326510182230084,8000
17000,67103.87078547955025,442.27018880213671537,892721.6203834930202,1.0432719771010221521,8000
17100,67932.103685480571585,450.34391020778099346,903256.02042425947729,1.0507506292666208836,8000
17200,68446.53763937902113,456.78594287112656502,917398.95086598338094,1.0657079335978183465,8000
17300,69740.502761334413663,456.51126384821765214,932124.20556398748886,1.0432719771010221521,8000
17400,69646.096418427856406,458.59104976228854866,929356.82813945459202,1.0432719771010221521,8000
17500,69618.085953212430468,470.39137387158120873,932760.13826221856289,1.0619686075150194249,8000
17600,69634.993959889412508,470.20896878520267137,933390.8911735023139,1.0619686075150192028,8000
17700,69804.037749404509668,487.78794040516214636,934844.58039367583115,1.0507506292666204395,8000
17800,80478.612008399912156,493.45611489116566872,1064915.6023637515027,1.0432719771010221521,8000
17900,80920.922437155080843,486.05842185580644355,1070313.5920772498939,1.0432719771010221521,8000
18000,80956.32045839431521,477.71025994217058042,1074686.225164024625,1.0544899553494195832,8000
18100,80826.721409226112883,485.02945656193901414,1076792.8989647163544,1.0806652379290153654,8000
18200,81028.020404940180015,475.77247058297410831,1073669.0146399228834,1.0507506292666204395,8000
18300,81091.313067566763493,483.80277870905990767,1072883.0802416042425,1.0357933249354234206,8000
18400,81058.369264026696328,476.81439340775023084,1077258.0577776955906,1.0619686075150194249,8000
18500,81245.369211940153036,485.4041144744023768,1081346.6882521980442,1.0619686075150192028,8000
18600,81473.175567502621561,477.38839912333281745,1080154.4042685022578,1.0507506292666204395,8000
18700,81322.192458906210959,471.21301566584031661,1079833.9644985694904,1.0619686075150189808,8000
18800,81542.354747328106896,482.17809803335524066,1084523.501556519419,1.0507506292666204395,8000
18900,83058.206233055607299,482.96866441574434248,1101201.8878697108012,1.0507506292666206615,8000
19000,83592.637537773931399,485.75997324385053844,1107819.5862854162697,1.0470113031838215178,8000
19100,84021.982069802921615,486.94769704083114448,1116453.8636497594416,1.0544899553494202493,8000
19200,84050.32426381460391,483.71186258538165248,1120187.3603690576274,1.0619686075150189808,8000
19300,84380.226344697424793,484.13816509562377632,1127338.553312095115,1.0769259118462164437,8000
19400,86029.360777798021445,474.45507929602695185,1149705.9378276404459,1.0769259118462159996,8000
19500,86146.523167705789092,470.58262275339598091,1151500.3234645200428,1.0731865857634173,8000
19600,86031.278825144298025,473.0472432908944711,1150810.1606417989824,1.0769259118462164437,8000
19700,86316.985887139337137,475.53294380486454429,1154299.4734787498601,1.0619686075150192028,8000
19800,86267.665157227616874,487.17292171353710728,1154440.3977070129476,1.0731865857634173,8000
19900,86324.986634800749016,478.17481688213632651,1156493.8514305776916,1.0694472596806177123,8000
20000,86548.47376066124707,480.78491038827871762,1158910.351478143828,1.0619686075150185367,8000
20100,89935.346476627586526,479.93622056749813964,1206063.3736027553678,1.0881438900946145409,8000
20200,89962.939557154371869,479.51933242393187129,1206886.9480896755122,1.0806652379290162536,8000
20300,90145.607502341343206,476.59327907582127182,1207193.3808734160848,1.073186585763416856,8000
20400,90140.63669275851862,473.40856511122706252,1207126.6333261728287,1.073186585763417078,8000
20500,97097.201386575819924,482.50205264321897403,1285511.353060902562,1.0544899553494204714,8000
20600,97167.140179675465333,469.2076260428916612,1289902.7419723609928,1.0619686075150187587,8000
20700,98409.501821069294238,462.25047057188123745,1302361.4884332492948,1.0544899553494198052,8000
20800,98473.864159624121385,458.20919968159512337,1305120.2417627442628,1.0507506292666204395,8000
20900,98447.419830435494077,455.86638251990211756,1306910.0636350060813,1.0657079335978181245,8000
21000,98398.255161462468095,463.42697356498587169,1307458.6648554382846,1.0694472596806177123,8000
21100,98469.964862267486751,453.54689699379264312,1307022.2167756503914,1.0657079335978185686,8000
21200,98446.020229567686329,449.39796776942927181,1304451.0469598665368,1.0544899553494202493,8000
21300,99386.912402423826279,450.50122533729353336,1323055.2101285553072,1.073186585763416856,8000
21400,731264.37008232984226,449.50388353777742623,8589132.0174774341285,1.0694472596806181564,8000
21500,108107.56610273517435,451.82055637648926449,1429549.860405149404,1.073186585763416856,8000
21600,108145.62079043113044,455.99137418431894275,1424665.9958870485425,1.0470113031838215178,8000
21700,110281.01241379645944,459.16151674445768549,1453758.0601619402878,1.0657079335978181245,8000
21800,117448.31810144697374,460.4256185458683035,1539470.9004534247797,1.0619686075150189808,8000
21900,117684.13083686173195,467.27673309466712226,1546825.9296827076469,1.0619686075150192028,8000
22000,118116.10755298810545,459.88668054675309804,1555409.0053588373121,1.0769259118462159996,8000
22100,118163.02933252383082,444.32859904165053422,1553617.041512838332,1.0694472596806172682,8000
22200,120118.45426667155698,435.40286986655030432,1585866.3492144348565,1.0769259118462164437,8000
22300,120102.79810471003293,439.27943073122179385,1584831.2115240416024,1.0806652379290155874,8000
22400,120943.03611072147032,450.76969042125335818,1597823.3076211127918,1.0806652379290158095,8000
22500,120974.24765480954375,447.74550327219577639,1597849.6832187727559,1.0694472596806177123,8000
22600,123999.35073746556009,449.47502217721120132,1636837.7046548246872,1.073186585763417078,8000
22700,138459.26790991905727,455.36030839352133626,1807624.0025934837759,1.0694472596806177123,8000
22800,139343.94976139868959,460.22709101046615388,1822412.1677635938395,1.0806652379290155874,8000
22900,139336.125623740023,457.46307814103647615,1822734.4399148283992,1.0844045640118149532,8000
23000,141241.87542515314999,462.19676892768313792,1850003.3418584733736,1.0881438900946140969,8000
23100,143002.57531094449223,454.56096089451693842,1872870.5878022063989,1.0956225422602130504,8000
23200,143132.60590494074859,454.95552460398999983,1875492.5445355633274,1.0956225422602130504,8000
23300,143899.97304934196291,456.97616755285849877,1889538.6308036767878,1.1068405205086109255,8000
23400,144642.28447245043935,452.38064828999557676,1899736.3214970403351,1.0993618683430121941,8000
23500,144428.99078620411456,467.37524667831462466,1894334.0011530406773,1.0844045640118153973,8000
23600,144358.56193635120871,471.40253629609725294,1894123.77859811089,1.0918832161774134626,8000
23700,144367.73674379466684,464.98276680686512918,1893374.9902654057369,1.0956225422602130504,8000
23800,145762.90854955199757,467.16014332464402514,1914562.8087159907445,1.0881438900946143189,8000
23900,148554.33441094955197,462.46609127756727275,1950256.5675092309248,1.0806652379290155874,8000
24000,148771.71425656208885,459.2394713792471066,1952223.5685309411492,1.0806652379290158095,8000
24100,148821.55471639317693,448.17323390281012507,1960876.9694390774239,1.0993618683430121941,8000
24200,153757.15363709090161,454.40992025832844092,2019704.9251077529043,1.0881438900946143189,8000
24300,153998.72210427981918,449.80790363541797205,2021902.3520021103323,1.0844045640118149532,8000
24400,157011.46857891962281,440.49823093446690336,2063667.6590769030154,1.0956225422602130504,8000
24500,157092.63180565321818,435.65229755709998472,2063124.4094575801864,1.0918832161774141287,8000
24600,162098.86599262617528,440.22116278064891048,2124159.0184490941465,1.0918832161774136846,8000
24700,162581.16512751870323,436.64387922896014516,2132429.2579286051914,1.0881438900946143189,8000
24800,162795.91076051161508,450.09652839782472711,2139138.8539690347388,1.0844045640118151752,8000
24900,163007.35434945503948,455.29640542148263194,2139631.0944697177038,1.0694472596806177123,8000
25000,163243.35470085425186,448.04564282138983344,2149009.9430145532824,1.1068405205086113696,8000
25100,172907.9162350774568,450.80211180335999188,2259111.2762987101451,1.0844045640118151752,8000
25200,174421.53087338339537,440.01544094530748907,2276729.3999480018392,1.0844045640118151752,8000
25300,176619.36124077305431,438.70425139826051009,2303008.8455287981778,1.0806652379290155874,8000
25400,182607.83880021848017,448.22039692331242122,2380974.0266736191697,1.0881438900946143189,8000
25500,182576.51724974066019,447.25546197351206956,2383626.7162618008442,1.1031011944258120039,8000
25600,182569.47352417526417,448.93650065475151223,2379736.3700391808525,1.0918832161774134626,8000
25700,182932.42603838737705,449.29782817566200492,2384762.5737281204201,1.0881438900946145409,8000
25800,183226.48424098436953,440.00566445649889147,2394651.2322472753003,1.1031011944258117818,8000
25900,183249.91637352001271,431.91087625693131713,2395811.3582098376937,1.1031011944258120039,8000
26000,183211.74119788815733,429.14367920651676513,2392814.2092601740733,1.0993618683430121941,8000
26100,183273.37512053333921,446.08502577007431,2398264.5466396198608,1.1068405205086111476,8000
26200,184414.80050862891949,438.60069771754615431,2412127.8936627800576,1.1031011944258115598,8000
26300,191863.92228290214553,452.86228993312732882,2499895.0480962130241,1.0993618683430126381,8000
26400,191833.60381672543008,458.57187792345490607,2501460.1008531353436,1.1105798465914102913,8000
26500,191867.23789084653254,447.96426374643340296,2500808.6121006347239,1.1031011944258120039,8000
26600,197248.93107441838947,442.31217507559824753,2565530.3473208402283,1.0881438900946140969,8000
26700,197106.45477292203577,438.78732657656217953,2560269.9297217554413,1.0844045640118149532,8000
26800,199250.11634406703524,438.57852197900405145,2589647.1513115391135,1.0881438900946143189,8000
26900,199276.8123176866502,441.3445524560343074,2587057.5681298812851,1.0769259118462166658,8000
27000,199671.48576128482819,440.00200721204168985,2596149.4299117629416,1.0881438900946143189,8000
27100,328020.65294874896063,437.31963765897029361,4077542.4199992255308,1.0806652379290153654,8000
27200,327971.24463338247733,437.50873026083178274,4078899.0692433700897,1.0956225422602128283,8000
27300,328445.96854439296294,438.34677692476253696,4090268.830617622938,1.1031011944258113378,8000
27400,328606.85506690829061,429.93614122732640226,4094355.7342960033566,1.1031011944258117818,8000
27500,328448.88803227181779,436.36364043503033372,4089961.5751558346674,1.0993618683430126381,8000
27600,330988.24004838860128,434.91438001457589735,4123530.8716476070695,1.0993618683430126381,8000
27700,331292.9175595115521,440.60202100269276571,4130046.2209305921569,1.0956225422602128283,8000
27800,331296.10553757852176,448.79881919203933194,4129891.0688047725707,1.1031011944258120039,8000
27900,332406.97374923987081,443.51399807731598912,4148497.3989122067578,1.1031011944258113378,8000
28000,332305.649642862787,445.09691383659856001,4145689.5829665083438,1.1068405205086111476,8000
28100,332276.0068969562999,439.78202741832927813,4145076.4745822292753,1.1105798465914107354,8000
28200,334794.43076682649553,435.18958445566016735,4179704.2272066012956,1.114319172674209657,8000
28300,335339.63559002522379,436.86294433378378699,4192191.9762732111849,1.1068405205086111476,8000
28400,336210.65090611146297,436.32677937920846034,4206943.561118745245,1.1105798465914102913,8000
28500,337912.68012556788744,434.37100778538757595,4231588.027541032061,1.1143191726742103231,8000
28600,337774.29459849657724,428.8369678248643595,4231864.7986746123061,1.1180584987570094668,8000
28700,337789.80698421743,424.35664229938100789,4229973.6437693620101,1.1105798465914102913,8000
28800,338357.8495189176756,428.11306118276428379,4241561.819968579337,1.1105798465914102913,8000
28900,340436.77866150304908,423.47760836909856152,4265815.7642886275426,1.0956225422602130504,8000
29000,346542.99855194921838,419.45897730581287988,4343830.6516106296331,1.0956225422602130504,8000
29100,347326.52364199201111,415.15646085869906301,4357273.6642535002902,1.1068405205086109255,8000
29200,347602.96533890633145,408.3469954393020771,4361222.7178445141762,1.0956225422602130504,8000
29300,347543.7378668950987,405.20780514993299448,4360198.6367551712319,1.0993618683430124161,8000
29400,347555.61470837675733,401.36245861327068951,4361270.6587344119325,1.1031011944258115598,8000
29500,348265.99592531472445,403.7506360042281699,4373007.7657604003325,1.1031011944258113378,8000
29600,349640.30473905382678,398.86053159389439315,4390770.6839011469856,1.0918832161774139067,8000
29700,349797.52773464977508,402.12043647954118342,4392945.0163696352392,1.0769259118462162217,8000
29800,353175.3840728328214,401.74545971661115118,4440996.2088787537068,1.0918832161774134626,8000
29900,353239.1617409423925,404.35268215786419432,4442433.7696249522269,1.0956225422602134945,8000
30000,353352.64665972575312,411.43252217875038923,4446105.2146725421771,1.0993618683430126381,8000
30100,353702.61319899000227,407.96927694406065257,4455340.5670800907537,1.1068405205086113696,8000
30200,353972.59676537866471,410.40667705475050298,4457700.7698176177219,1.0918832161774139067,8000
30300,354012.62223972642096,407.33043226847252072,4464614.5709118526429,1.1031011944258120039,8000
30400,355187.54984099505236,411.35973749449675552,4481321.3571592587978,1.1031011944258122259,8000
30500,355783.00833530456293,413.88439366256193352,4489518.2173586590216,1.1143191726742101011,8000
30600,358297.23229604301741,420.47274321827717358,4520379.8295458350331,1.1068405205086111476,8000
30700,358372.23589805839583,419.13299893841985977,4522882.4525521509349,1.1105798465914100692,8000
30800,358577.73327701352537,422.57078914657171254,4528150.7294646631926,1.1143191726742105452,8000
30900,358909.84389469370944,424.37396998647358259,4531926.5483070565388,1.1068405205086109255,8000
31000,360286.75693256175146,430.77523924761868557,4551289.4209596449509,1.1143191726742101011,8000
31100,361793.82500161812641,426.9210195882167227,4572186.0057196104899,1.1180584987570094668,8000
31200,361905.00784354255302,421.21031762424632916,4576090.6264566723257,1.1255371509226084203,8000
31300,363027.61308045970509,417.10079631105907083,4589493.1487167552114,1.1217978248398090546,8000
31400,363088.25629416236188,422.65603365224325216,4591345.3425089465454,1.1217978248398088326,8000
31500,368223.40420035162242,423.17934222127991006,4650308.4755465118214,1.1180584987570092448,8000
31600,370296.37128878047224,425.79974644985634313,4678630.1674601053819,1.1255371509226084203,8000
31700,371343.33232482057065,426.91156667783411649,4694782.9422107543796,1.1255371509226081983,8000
31800,372035.9662815904594,418.85077747685517124,4705556.4822470108047,1.129276477005407342,8000
31900,372603.74453834444284,420.01421064783448855,4710505.3215478817001,1.1255371509226081983,8000
32000,372699.80710330046713,424.5817741702156809,4715177.084909722209,1.1217978248398086105,8000
32100,412238.30675347556826,423.72061735341117128,5178480.1718201050535,1.1255371509226079763,8000
32200,411589.80149801325751,422.50694084275113482,5168746.4862317759544,1.1180584987570090227,8000
32300,412369.62426091276575,428.90801418648231902,5177790.7122706994414,1.1031011944258115598,8000
32400,413574.41195599432103,424.03907268431896682,5195263.8174618761986,1.0993618683430126381,8000
32500,414960.9053838767577,421.92620806106060627,5214103.5888560302556,1.1031011944258117818,8000
32600,415272.10468017478706,418.70061267199827171,5223104.882460587658,1.1143191726742105452,8000
32700,416674.20889758487465,419.99697210697780747,5246840.7145391097292,1.1105798465914102913,8000
32800,418283.5138082880294,422.05554892704384429,5271909.7635142290965,1.1105798465914100692,8000
32900,418418.55821809190093,417.64915329533539534,5275162.5264843991026,1.1105798465914107354,8000
33000,418404.8629320996115,414.12637622907521973,5275466.4703781520948,1.1217978248398088326,8000
33100,418873.30749453656608,410.23157357093521114,5283541.4039037926123,1.1180584987570094668,8000
33200,418945.43344837572658,410.46690023047983686,5291013.7954077646136,1.129276477005407342,8000
33300,424926.76976566913072,414.89788577553008508,5364382.1318703666329,1.1367551291710058514,8000
33400,463990.47726393630728,415.23079765804652652,5822054.1341073373333,1.1292764770054077861,8000
33500,483321.61458207387477,415.94627064533119665,6047064.0555887930095,1.1217978248398086105,8000
33600,484088.47607398999389,415.53717041266696697,6054855.2507983427495,1.1105798465914107354,8000
33700,484109.22897684120107,409.25313809941530963,6058093.1758201699704,1.1217978248398088326,8000
33800,485297.00622961571207,416.29765389168278489,6075005.8795435801148,1.1217978248398088326,8000
33900,484734.37277100444771,417.83373410951509186,6071103.0668191779405,1.1217978248398086105,8000
34000,485243.92033742018975,413.06324746071709342,6082568.2681517368183,1.1255371509226077542,8000
34100,485661.93598889367422,416.22899537178432183,6093857.3932288400829,1.1330158030882067077,8000
34200,485663.69337261788314,418.09567356444034658,6094489.5757293021306,1.1367551291710062955,8000
34300,486044.22675670095487,423.49688350417102356,6101090.1066957367584,1.1330158030882067077,8000
34400,486021.08058990468271,424.912403905327551,6096471.638745771721,1.1217978248398086105,8000
34500,490726.07367090677144,427.68566841032799175,6153314.1718451250345,1.1180584987570096889,8000
34600,492346.00479959725635,435.19184785846800878,6178402.3187228990719,1.1217978248398083885,8000
34700,492381.21068393794121,433.01745467436495574,6179134.3768067294732,1.1217978248398090546,8000
34800,492799.08434185863007,428.56425627254975552,6185140.8135830480605,1.1255371509226084203,8000
34900,492381.82376859697979,422.65800777079158479,6182408.9591619074345,1.1367551291710065176,8000
35000,495257.28453675011406,429.06026081518160709,6218814.8662973279133,1.129276477005407342,8000
35100,495226.87479437561706,428.30299549266061376,6213910.9234856525436,1.1217978248398088326,8000
35200,495464.69311641983222,435.82393767444932564,6224449.7246369197965,1.1255371509226084203,8000
35300,496977.24407663376769,433.89193074592043331,6247441.7712036389858,1.1217978248398088326,8000
35400,496907.23254072479904,435.07791524089032009,6246736.198757853359,1.1217978248398088326,8000
35500,496963.74928339384496,436.66252610627708464,6249010.9252775749192,1.1217978248398088326,8000
35600,497009.39837245247327,430.23089819575790216,6250188.5328408321366,1.1217978248398088326,8000
35700,503328.1318251270568,437.27183651114847862,6335734.1411036085337,1.1292764770054077861,8000
35800,501605.59699805552373,427.68774643625482668,6308630.3026351621374,1.1143191726742103231,8000
35900,502021.43898958701175,430.78596796944259495,6318026.1236561033875,1.1255371509226081983,8000
36000,502045.74646990094334,432.16839073774485769,6320981.5319857802242,1.1367551291710062955,8000
36100,502032.02419814438326,429.2180811452616922,6321953.5426065670326,1.1404944552538054392,8000
36200,502277.24823458911851,434.02273358036433137,6326832.4774063061923,1.144233781336605027,8000
36300,503666.13364999147598,435.14093388446366362,6345936.2925524730235,1.1404944552538054392,8000
36400,504299.76121770427562,436.83662052825661704,6358072.921722327359,1.144233781336605249,8000
36500,504302.44513513008133,441.67634544655163609,6355201.2190986676142,1.1367551291710060735,8000
36600,504316.36568760784576,448.09543820814593573,6355192.613634545356,1.1330158030882067077,8000
36700,526892.41652920481283,447.79341732899109729,6623073.362836426124,1.1404944552538054392,8000
36800,537637.22469491173979,452.32792074813539784,6751426.2914379080757,1.1404944552538058833,8000
36900,537938.54256535298191,461.19153697827465521,6755858.8576982198283,1.1367551291710062955,8000
37000,537849.87326153879985,465.93681897957708316,6755490.4330819332972,1.1442337813366048049,8000
37100,540994.16235266416334,459.81096908360927955,6792060.4238518103957,1.1367551291710058514,8000
37200,543912.8860453258967,458.22891515139508556,6828813.8727016206831,1.1367551291710062955,8000
37300,559394.60081443551462,454.74296506814863505,7015201.2807370517403,1.1330158030882073739,8000
37400,559523.13901628914755,456.47076692954482269,7018166.9487895639613,1.1330158030882069298,8000
37500,559433.84496503637638,456.8134216007575219,7017699.1462832698599,1.1367551291710056294,8000
37600,559481.76407554920297,457.98222168659367526,7016894.2631757250056,1.1255371509226084203,8000
37700,566487.91958182805683,447.61860113315651688,7105301.4167470932007,1.1217978248398088326,8000
37800,566465.31215138570406,446.85438574703533732,7105410.8301145080477,1.1180584987570092448,8000
37900,568230.75571823760401,447.1676149969281937,7134568.6581225814298,1.1217978248398088326,8000
38000,568492.72687116183806,447.81382185155950992,7141232.5639482624829,1.1292764770054071199,8000
38100,572259.79005493293516,454.51304827478401194,7195493.3567069135606,1.1404944552538054392,8000
38200,572214.17794158926699,455.71120074506308129,7191984.1644175536931,1.1367551291710060735,8000
38300,573648.71396197879221,449.63484674468145386,7213785.8468632083386,1.1404944552538056612,8000
38400,585266.86145520932041,450.15907208464125233,7350037.002478769049,1.144233781336605249,8000
38500,585224.57007111329585,449.48614726205221359,7349069.5543565759435,1.1442337813366045829,8000
38600,585257.65835366444662,451.79698016535525085,7349179.9979870263487,1.1404944552538056612,8000
38700,586853.845803784905,452.44046399981607465,7367389.1640477823094,1.1404944552538054392,8000
38800,587975.6075830332702,451.7029183528841827,7387408.8472883068025,1.1292764770054077861,8000
38900,593123.39881580963265,452.06395127247805021,7457077.02533268556,1.1255371509226081983,8000
39000,593099.22007283708081,455.24399607381252508,7456913.2153745638207,1.1292764770054080081,8000
39100,593112.63199446431827,457.86055465483531179,7456548.4008446903899,1.1255371509226084203,8000
39200,593920.94431665632874,459.52288044633780828,7468512.0111960917711,1.1255371509226081983,8000
39300,594509.25291188282426,455.67694695414525086,7479348.994198108092,1.1292764770054077861,8000
39400,596034.26696242345497,454.79860189824847794,7500642.9076002556831,1.1330158030882062636,8000
39500,596394.29717597167473,453.20482793939288513,7508807.7232955126092,1.129276477005407342,8000
39600,600886.33068818715401,447.34020616479142518,7564050.8846421809867,1.1330158030882067077,8000
39700,600872.8749131495133,450.67489452557163077,7566720.6382134463638,1.1367551291710058514,8000
39800,601017.28603471606039,445.63225571599366504,7571273.1541839689016,1.1367551291710060735,8000
39900,604448.02790283598006,445.24411917247005022,7614488.0820974931121,1.1367551291710062955,8000
40000,606062.91827008640394,445.3381397615872288,7635189.5267280265689,1.1330158030882067077,8000
40100,606139.95184318441898,448.66735522517967638,7637091.8991841375828,1.129276477005407342,8000
40200,606627.58230660064146,448.77112937827058659,7644620.455278894864,1.1217978248398086105,8000
40300,608016.52902102703229,445.56442470611767703,7665525.2983771525323,1.1330158030882067077,8000
40400,611212.67033992800862,450.14364225246686146,7704602.6592757590115,1.1180584987570092448,8000
40500,611430.01104634790681,446.10910657534333268,7713219.310970610939,1.129276477005407564,8000
40600,625360.6834938058164,449.93545729846732684,7880238.8935789996758,1.129276477005407342,8000
40700,637935.80505720619112,448.52180433476405597,8030861.5256970450282,1.1367551291710062955,8000
40800,638390.29007900704164,448.07649531364006634,8039831.5319713428617,1.1330158030882069298,8000
40900,639576.59730504301842,447.70802712124941536,8064281.9461361737922,1.1292764770054071199,8000
41000,640053.93209136766382,450.34604060342638832,8078748.9179616337642,1.1442337813366045829,8000
41100,640079.56548949528951,447.88166863316990884,8079693.3096104692668,1.1554517595850029021,8000
41200,644653.71720246272162,445.05793405961770759,8137473.2060558591038,1.144233781336605249,8000
41300,1001995.6548905508826,444.02880285056676257,12261046.099638920277,1.1367551291710060735,8000
41400,1001919.3935078385985,444.30933265762604378,12259644.248268136755,1.1404944552538052172,8000
41500,1002978.8257555089658,443.86581571772313737,12276617.59024637565,1.1404944552538052172,8000
41600,1003988.2492603349965,448.90906237287225622,12294274.069672957063,1.1330158030882067077,8000
41700,1003925.3141415757127,445.22648117202197682,12292328.993102682754,1.1404944552538056612,8000
41800,1004513.5848015715601,450.86319282976000977,12303800.672728382051,1.1404944552538052172,8000
41900,1008586.4050121066393,449.62827448363304939,12356102.316113833338,1.144233781336605027,8000
42000,1292649.3827025936916,445.80140860753152765,15627973.623009061441,1.1404944552538049951,8000
42100,1294775.6699082739651,447.02087457616647725,15651951.452803196386,1.1404944552538056612,8000
42200,1294945.0735643869266,451.02385890522748468,15658892.166614988819,1.1442337813366045829,8000
42300,1294993.843215247849,450.93507669866352217,15659374.656284615397,1.1479731074194043927,8000
42400,1295191.2082568986807,443.22146208489249375,15665622.15811537765,1.1554517595850029021,8000
42500,1295495.9455676854122,446.00513462351364069,15672134.043779274449,1.1591910856678024899,8000
42600,1295664.7193345064297,452.45950846645064303,15676845.911891587079,1.1666697378334012214,8000
42700,1298606.354559575906,453.17059835872163376,15712677.680906705558,1.1591910856678024899,8000
42800,1299252.4149469714612,463.49052317993078987,15726116.381959959865,1.1629304117506014116,8000
42900,1299102.5096743719187,467.68422486098194213,15723264.948547387496,1.1629304117506016336,8000
43000,1300325.1048294103239,477.00546239061696951,15740263.986411467195,1.1554517595850026801,8000
43100,1301706.8939652605914,476.37710230080244855,15763581.768772508949,1.1517124335022035364,8000
43200,1306324.4656286071986,471.43106115766511266,15823430.705590590835,1.1591910856678020458,8000
43300,1308093.4572494346648,472.76275582830339772,15845859.895092982799,1.1517124335022037585,8000
43400,1467435.9198910377454,469.40904213944793355,17688470.224961552769,1.1517124335022033144,8000
43500,1467772.8805806806777,466.51665878737884441,17695403.975034881383,1.1554517595850029021,8000
43600,1471510.9813390648924,465.39917870352178397,17745400.715153057128,1.1591910856678020458,8000
43700,1473672.3621113027912,467.45382033157608248,17773470.267903752625,1.1517124335022037585,8000
43800,1478068.0841004082467,466.40882689737810551,17835971.058016881347,1.1517124335022037585,8000
43900,1477765.0917931762524,463.54435046101599482,17832431.153138604015,1.1554517595850029021,8000
44000,1478401.8208388602361,464.03021389752802861,17838563.280716784298,1.1442337813366045829,8000
44100,1479352.6775176022202,467.26882874260650169,17856759.322876177728,1.1404944552538058833,8000
44200,1479385.4391361353919,474.82308066711766514,17860357.021393999457,1.1442337813366045829,8000
44300,1479332.6886008647271,469.68250086702806811,17861755.679702468216,1.1591910856678020458,8000
44400,1479673.5650920530315,468.70810264973920312,17870475.080436721444,1.159191085667802712,8000
44500,1479694.8227227127645,460.15608827299445238,17873041.975797943771,1.1666697378334005553,8000
44600,1480010.2006607090589,466.37999766794411016,17878983.586687866598,1.1741483899990001749,8000
44700,1534516.2455551617313,467.55635738063023155,18511536.189113527536,1.1666697378334009993,8000
44800,1536746.3820947974455,463.4417245878526046,18539936.137664180249,1.1591910856678020458,8000
44900,1536883.5591063990723,458.49320952961357989,18544210.876807056367,1.1666697378334007773,8000
45000,1536889.0917933015153,461.48052159482273282,18546334.3654881455,1.1741483899989995088,8000
45100,1537642.1536085575353,460.59391555353607828,18561730.554287724197,1.1778877160817993186,8000
45200,1538131.4747281405143,454.04562783815316607,18567920.495470982045,1.1741483899989999529,8000
45300,1538102.5697024960537,463.67633211425373929,18571240.850746899843,1.185366368247397606,8000
45400,1540064.4803118957207,463.94192187110752457,18595916.729092091322,1.185366368247397828,8000
45500,1539987.8953473572619,465.13630839729870559,18592859.862083420157,1.1816270421645982402,8000
45600,1541531.5109616054688,468.77716191584801209,18619463.751473214477,1.185366368247397606,8000
45700,1543308.6407406874932,471.8161178703228984,18645252.921986792237,1.1778877160817986525,8000
45800,1543221.4942644555122,473.60902390669878059,18642058.207320149988,1.1778877160817993186,8000
45900,1543273.5391399115324,472.76125742377683991,18643140.783037409186,1.1778877160817993186,8000
46000,1545452.0798266106285,479.57955005233321799,18669591.208077162504,1.1629304117506016336,8000
46100,1548040.8749276639428,478.26218655525690338,18703962.10505785048,1.1554517595850031242,8000
46200,1548825.9309441850055,478.5543423322894796,18716916.477290984243,1.1554517595850033462,8000
46300,1549013.7650947717484,479.72410240937369963,18723130.117643553764,1.1629304117506011895,8000
46400,1550251.2516942496877,479.53847859480657689,18738727.581066828221,1.1666697378334009993,8000
46500,1550776.3899537962861,487.22726804789493826,18747247.736904602498,1.1704090639162003651,8000
46600,1550853.4640172237996,492.59591804150380767,18750166.615324780345,1.1704090639162003651,8000
46700,1567586.3311706755776,483.59361930188617862,18956749.806926559657,1.1479731074194043927,8000
46800,1569574.9097091669682,486.56551184643086572,18987902.817225255072,1.1517124335022035364,8000
46900,1569614.2986350408755,486.17513048705905021,18988414.413656875491,1.1517124335022039805,8000
47000,1569702.9482785835862,482.94856892170048468,18991298.519247416407,1.1554517595850031242,8000
47100,1569584.4822195072193,480.34483369028487232,18989574.805204879493,1.1554517595850031242,8000
47200,1571577.9892031836789,473.00536436545212382,19021138.900069940835,1.1554517595850026801,8000
47300,1572023.6589646178763,467.94496089075801137,19028606.231073081493,1.1517124335022037585,8000
47400,1572186.4184753359295,463.66005697888942905,19033495.460957989097,1.1591910856678022679,8000
47500,1572016.6309238441754,462.18488951465599257,19029620.913808513433,1.1554517595850033462,8000
47600,1572024.1767552935053,459.72290179186217074,19028894.270439140499,1.1554517595850031242,8000
47700,1572003.133863940835,459.11270756068870469,19031918.839444167912,1.1629304117506016336,8000
47800,1572125.7461025135126,455.11457067075258465,19035263.914270769805,1.1629304117506011895,8000
47900,1584841.8606115877628,460.78357218000729745,19187689.791041258723,1.170409063916199921,8000
48000,1588830.5585642517544,458.91964211204486901,19240009.252249546349,1.170409063916200143,8000
48100,1592127.6981255915016,452.09927603456384304,19290804.522529281676,1.1666697378334012214,8000
48200,1593019.6234155793209,451.51262701686914625,19306659.471123743802,1.1666697378334007773,8000
48300,1592958.2719005902763,448.22686010661880118,19304758.614442311227,1.170409063916199921,8000
48400,1593210.0911636431701,450.27840558666304105,19307220.866631750017,1.1704090639162005871,8000
48500,1593795.9840992267709,448.96940560245110419,19320503.780744921416,1.1666697378334005553,8000
48600,1593718.6095422022045,445.7529123186032507,19318584.975534148514,1.1666697378334009993,8000
48700,1595348.2394419161137,441.75254462714025294,19340456.910882845521,1.1591910856678020458,8000
48800,1595294.4154701982625,448.84854948248727169,19340557.820776827633,1.1629304117506014116,8000
48900,1600676.5931205179077,451.29557728285755047,19409845.92227363959,1.1517124335022035364,8000
49000,1607597.7638960250188,447.39064610260197696,19501140.109344284981,1.1591910856678020458,8000
49100,1607546.6273163028527,441.01616759569100168,19498498.353448674083,1.1517124335022030923,8000
49200,1607563.9162871427834,445.70459058716210166,19499547.541726466268,1.1554517595850033462,8000
49300,1607664.4958193439525,445.24966945157132159,19502055.783819288015,1.1517124335022033144,8000
49400,1608994.7206926813815,444.57663265555015641,19517884.100869081914,1.1479731074194041707,8000
49500,1609073.8868617026601,443.41786307023158997,19521249.075836122036,1.1517124335022037585,8000
49600,1627799.4761835883837,429.17087429270850407,19744521.454795438796,1.1479731074194043927,8000
49700,2231841.364570309408,427.59885893903810938,26704101.248481523246,1.1367551291710062955,8000
49800,2235997.8549295370467,427.03291219097030762,26763541.136340592057,1.1479731074194041707,8000
49900,2236003.9636667175218,425.66702394201757897,26763968.284513093531,1.1517124335022037585,8000
50000,2235993.8039320749231,426.23345736714406939,26765844.66280817613,1.1554517595850029021,8000
50100,2236321.7137051438913,423.95243266860745734,26773153.679095074534,1.1629304117506014116,8000
50200,2237039.4436544193886,424.2361404545497976,26784130.062405318022,1.1666697378334003332,8000
50300,2346683.5628061657771,426.3989411091234274,28049417.313581496477,1.1666697378334012214,8000
50400,2346639.4923525261693,425.86810598571588571,28049434.040571253747,1.1704090639162005871,8000
50500,2350133.4205200783908,426.82278399142927583,28107791.146052666008,1.1666697378334007773,8000
50600,2350813.4273672970012,423.64360046859803788,28122603.002118550241,1.1591910856678024899,8000
50700,2350803.314593245741,421.90515780521428724,28123662.215737648308,1.1629304117506009675,8000
50800,2350749.6376794306561,422.0551572781670302,28121960.235942255706,1.1629304117506014116,8000
50900,2354315.7244397508912,422.39408509253769353,28183778.305140860379,1.1591910856678020458,8000
51000,2354329.9487629891373,427.86051982884094969,28183293.714928053319,1.1629304117506016336,8000
51100,2354638.7086775111966,425.35166466037969712,28189306.284473404288,1.1591910856678022679,8000
51200,2354893.8563421801664,420.62369761930892764,28198402.937775194645,1.1629304117506016336,8000
51300,2357521.6838435125537,418.18695013991231235,28241900.218827921897,1.1629304117506018557,8000
51400,2357792.2078365846537,416.21904776388521441,28247860.020238883793,1.1666697378334007773,8000
51500,2357590.6120853447355,411.91219462748989599,28241934.300522979349,1.1666697378334007773,8000
51600,2358329.7323516495526,413.70809639488982157,28259147.090875912458,1.1629304117506011895,8000
51700,2358692.8787105837837,416.8523705593510158,28267072.98615988344,1.1629304117506016336,8000
51800,2367273.0845072758384,419.64636493080809032,28371719.804934278131,1.1629304117506014116,8000
51900,2371201.0688997167163,415.86032744742442446,28417769.663137294352,1.1591910856678022679,8000
52000,2374126.4584433012642,419.37043855654633262,28460987.477981984615,1.1554517595850031242,8000
52100,2380244.461570167914,413.43662547468159119,28534466.514343343675,1.1591910856678024899,8000
52200,2389095.4638628349639,409.76710031318663141,28648900.669622201473,1.159191085667802712,8000
52300,2392152.3674140642397,406.67405234929384505,28684369.195162411779,1.1629304117506016336,8000
52400,2392269.7761804489419,411.80866925330428785,28687052.121522221714,1.1666697378334009993,8000
52500,2442407.1410507503897,412.30892009068213611,29272115.69859142974,1.1629304117506009675,8000
52600,2444407.3105258517899,415.0817174203173181,29307633.532943710685,1.1554517595850026801,8000
52700,2444362.1560448864475,418.31832578042173054,29306621.272815428674,1.1591910856678020458,8000
52800,2444406.7160251033492,424.96970863029827115,29310577.403207037598,1.1704090639162003651,8000
52900,2445685.2345974864438,427.40089891964584012,29334371.187293257564,1.1741483899989992867,8000
53000,2449711.1144796428271,422.13687815044221452,29390675.467129547149,1.1778877160817993186,8000
53100,2450252.1778693287633,418.50653111948560081,29398631.25221561268,1.1741483899989992867,8000
53200,2451774.2226997311227,420.96834101690012631,29424725.008407469839,1.170409063916200143,8000
53300,2451978.9182418212295,424.48097922154994421,29431715.736274279654,1.1741483899989999529,8000
53400,2452077.1922343340702,427.98064038310138812,29431736.681819383055,1.1741483899989995088,8000
53500,2451974.5319916345179,428.30705427312733491,29431347.652389161289,1.1741483899989992867,8000
53600,2453115.7835270920768,428.62491532925326965,29452953.351645968854,1.1816270421645986843,8000
53700,2453026.6087377998047,427.58874621323832343,29451027.367721810937,1.1816270421645980182,8000
53800,2462935.1590277748182,426.78398436777933966,29583102.367016393691,1.170409063916199699,8000
53900,2464268.0712790116668,428.84999784866209893,29602369.487069305032,1.1704090639162005871,8000
54000,2464409.6778068537824,424.23844471051762639,29604098.019430678338,1.170409063916200143,8000
54100,2472810.4969016057439,426.83735509824265364,29713700.153477862477,1.174148389999000619,8000
54200,2474048.2291606212966,425.98029528287190715,29730406.173418611288,1.1704090639162005871,8000
54300,2478708.359889831394,423.69580142531907541,29787338.26869385317,1.170409063916200143,8000
54400,2478669.2355483230203,424.81500591304615,29788679.691805839539,1.170409063916199921,8000
54500,2478690.7799315718003,425.79692321323381066,29787115.143055196851,1.1666697378334014434,8000
54600,2478868.5982154547237,418.46217321555610624,29792073.865522164851,1.1666697378334012214,8000
54700,2849554.8458567359485,424.34124275781692859,34075260.120006285608,1.1517124335022037585,8000
54800,3404553.0381424841471,434.14856303101134927,40466644.064530357718,1.1404944552538056612,8000
54900,3431818.2872697068378,428.90261867657579842,40797559.409947067499,1.1404944552538052172,8000
55000,3434084.9001455628313,424.02809072299453419,40828275.594500549138,1.1479731074194041707,8000
55100,3434990.5740568921901,418.04812604556707356,40844470.914546228945,1.1517124335022037585,8000
55200,3434993.1276677320711,419.84557356207619705,40845787.78682756424,1.1591910856678020458,8000
55300,3439433.5258643091656,417.78863408431897142,40915010.343797646463,1.1517124335022035364,8000
55400,3440197.804495611228,414.20669256651763135,40927360.920289583504,1.1591910856678020458,8000
55500,3441180.8186153052375,413.82936248894276332,40946570.777036488056,1.1554517595850035683,8000
55600,3440983.696359787602,412.72433552789436817,40945660.569325074553,1.1629304117506016336,8000
55700,3442247.6052193264477,417.07239404602597688,40962804.488217383623,1.1591910856678020458,8000
55800,3446892.9802549253218,422.41979379715223786,41016540.262094542384,1.1591910856678024899,8000
55900,3448973.0078690205701,417.9767070173949719,41045448.29647898674,1.1629304117506018557,8000
56000,3449659.441345745232,414.11996511879590344,41059854.445332318544,1.1629304117506016336,8000
56100,3452873.4129516421817,415.91833977397175204,41108644.908112823963,1.1517124335022037585,8000
56200,3456264.4101632940583,414.55895251146483815,41157260.544678919017,1.1442337813366048049,8000
56300,3522214.4598420280963,420.59692999153634219,41926244.544686019421,1.144233781336605027,8000
56400,3522183.6141128349118,421.72776109665772992,41929808.361003145576,1.1629304117506016336,8000
56500,3524774.9726013583131,420.84531053407380341,41968330.726613812149,1.1704090639162005871,8000
56600,3528521.078820108436,418.55731840799506926,42028301.956244692206,1.1704090639162005871,8000
56700,3533335.3559694606811,424.27760338932813511,42084974.686781093478,1.1704090639162003651,8000
56800,3533287.878551942762,420.92404592765939242,42082501.645991973579,1.1629304117506016336,8000
56900,3541441.1393802808598,415.51648983782968116,42185311.689325638115,1.1554517595850026801,8000
57000,3541040.0332371364348,416.41661987972116776,42181837.721228122711,1.1591910856678022679,8000
57100,3541330.9639815804549,417.736931662944869,42187260.037716142833,1.159191085667802712,8000
57200,3542012.790996956639,417.11776949576244533,42206612.443256609142,1.1591910856678022679,8000
57300,3557735.7322001364082,422.19216761400508631,42402094.319290138781,1.144233781336605027,8000
57400,3558082.0332024153322,422.42600373068739827,42411714.109214007854,1.1479731074194046148,8000
57500,3558439.7480574799702,426.35849456555024517,42415106.587050914764,1.144233781336605027,8000
57600,3572415.3044825019315,424.97816196324470184,42586159.876023903489,1.1442337813366045829,8000
57700,3573808.7037959489971,423.1734017369076355,42606769.74726010114,1.1479731074194039486,8000
57800,3573880.2063781991601,421.25986692696847058,42610313.854982167482,1.1517124335022033144,8000
57900,3582659.0109346588142,420.6914625889544368,42717723.565094679594,1.1479731074194041707,8000
58000,3583181.3391528879292,414.11178452919807569,42729212.424223728478,1.1554517595850033462,8000
58100,3583112.7260727440007,413.55741290482609429,42729482.968002095819,1.1591910856678018238,8000
58200,3585129.3352815974504,415.82209312085132069,42759936.631424307823,1.1554517595850026801,8000
58300,3586504.2430127188563,415.39116519562782059,42778285.705653682351,1.1479731074194041707,8000
58400,3586529.1120338486508,412.00758410289517997,42780726.948192149401,1.1517124335022042025,8000
58500,3587579.6888442477211,407.48877478760874737,42802676.901294931769,1.1629304117506016336,8000
58600,3587713.8859228524379,408.21675171138764426,42803642.655695676804,1.1554517595850026801,8000
58700,3593785.142192332074,404.77378145192705006,42891691.956309251487,1.1554517595850031242,8000
58800,3594271.7086461950094,404.8108806625705256,42903258.944290906191,1.1554517595850024581,8000
58900,3594292.3616696596146,404.36949920453787399,42904734.343400664628,1.1591910856678024899,8000
59000,3594201.1189003144391,409.81840195665387228,42904284.080455772579,1.1629304117506014116,8000
59100,3687842.4927002340555,416.57349932216288835,43991654.921613790095,1.1591910856678020458,8000
59200,3698768.9275857605971,416.54897016775487373,44123648.35221336782,1.1629304117506016336,8000
59300,3701272.6598724289797,413.49829820429499705,44162324.090066350996,1.170409063916199921,8000
59400,3702604.5701011326164,414.1236872730174241,44180883.825292512774,1.1666697378334007773,8000
59500,3706234.9447867567651,412.61712173118070268,44230292.580755211413,1.1666697378334014434,8000
59600,3709276.0990777988918,409.91789292701224667,44277651.031033918262,1.170409063916200143,8000
59700,3708909.5874323137105,405.763323542461535,44273343.803240038455,1.1741483899989999529,8000
59800,3714084.4609780511819,404.93493483593846349,44339034.567046321929,1.1629304117506016336,8000
59900,3716824.8776918412186,405.98065637230700986,44379104.490372277796,1.1666697378334009993,8000
60000,3794470.6212252792902,401.19376255608136717,45281034.256370194256,1.1741483899989995088,8000
60100,3796183.1641047727317,393.40184592849288947,45315045.025234043598,1.1629304117506016336,8000
60200,3796337.6777932285331,382.48253047912254488,45317756.004448920488,1.1629304117506014116,8000
60300,3800624.0174229289405,381.79260141871293399,45368839.175109036267,1.1629304117506007454,8000
60400,3801764.2403555428609,384.69681690625128567,45391518.37735709548,1.1629304117506018557,8000
60500,3804014.3168637659401,391.99504857952905468,45434416.205800205469,1.1666697378334009993,8000
60600,3805377.9379070154391,389.21048085380743942,45462181.332226283848,1.170409063916199921,8000
60700,3805145.0547035629861,387.02920212664889732,45457219.823477976024,1.170409063916199921,8000
60800,3810663.0019263890572,389.1306219718559305,45533868.084501430392,1.1591910856678020458,8000
60900,3811994.9245772087015,386.96062647154280967,45552556.455074466765,1.1554517595850024581,8000
61000,3813110.5725446133874,386.59159367071140423,45572853.622420422733,1.1591910856678022679,8000
61100,3817436.191791257821,389.56112384699525819,45632275.126821607351,1.1629304117506016336,8000
61200,3818627.3471123012714,383.34337529307066461,45651466.966070853174,1.1704090639162005871,8000
61300,3818586.4393411111087,379.78471450417936239,45652823.744620792568,1.1778877160817988745,8000
61400,3820133.585091682151,379.86326860382263249,45672434.374673962593,1.1778877160817995406,8000
61500,3823845.1730681285262,386.14945292073520022,45722834.397771090269,1.1816270421645984623,8000
61600,3823961.1571926716715,386.21365235482301159,45725371.08492282033,1.1816270421645980182,8000
61700,3823829.1920793196186,389.35256936144401152,45723969.771937914193,1.185366368247397606,8000
61800,3828502.6751211788505,392.65459870687715238,45794797.012360028923,1.1853663682473980501,8000
61900,3828457.8362032147124,387.07548230436447056,45792786.544750578701,1.185366368247397606,8000
62000,3832381.3924590013921,386.71230433080836519,45849114.280119307339,1.1741483899989999529,8000
62100,3832629.4127253172919,385.69930318596607322,45853397.641516834497,1.1741483899989999529,8000
62200,3843284.8745029047132,386.27353331108309931,45988227.353156849742,1.1704090639162005871,8000
62300,3849748.1998026282527,384.62768814194419065,46068739.546952575445,1.170409063916200143,8000
62400,3850300.6351133594289,384.52968070220214258,46079090.682538323104,1.1666697378334005553,8000
62500,3850337.2276680897921,378.19670534326041889,46081421.813536010683,1.1666697378334012214,8000
62600,3850435.2155191525817,380.64045619881471794,46086170.94344496727,1.1778877160817990966,8000
62700,3855941.823114941828,381.42722006315699446,46155748.408136926591,1.1816270421645986843,8000
62800,3855886.7402607584372,376.52731544120200624,46156914.789827622473,1.185366368247397606,8000
62900,3863252.1790949902497,380.10163642566163844,46245880.664867296815,1.1816270421645986843,8000
63000,3863300.8090673699044,384.57220548212114863,46246388.462632782757,1.185366368247397606,8000
63100,3863238.5164624843746,384.23207109569665363,46244266.860009036958,1.1816270421645991284,8000
63200,3868793.645015170332,390.32859347757806745,46318988.456773780286,1.1741483899989990647,8000
63300,3874346.1847784323618,386.94293068913106026,46396933.895512498915,1.1741483899989990647,8000
63400,3875431.5227972487919,387.28940410657492066,46412511.722828119993,1.1629304117506016336,8000
63500,3875499.6532335947268,391.51427144482209997,46414495.558212116361,1.1629304117506016336,8000
63600,3875934.6422753678635,392.65685962998554714,46427970.36493704468,1.1591910856678020458,8000
63700,3878360.0190054029226,388.29766073599336096,46466610.290346831083,1.1666697378334005553,8000
63800,3879857.953777465038,389.69698886369349111,46490065.13155566901,1.1629304117506016336,8000
63900,3888764.819243140053,390.27048068477745346,46607745.702566869557,1.1629304117506014116,8000
64000,3890819.8716100878082,386.61875034439361798,46636173.2959876284,1.1629304117506011895,8000
64100,3893422.049372643698,388.73464904223573058,46671154.97155483067,1.1629304117506016336,8000
64200,3898757.210605266504,390.94244599175078747,46737351.204604774714,1.1666697378334009993,8000
64300,3904219.0820971857756,388.7238420808677688,46802674.232748001814,1.1629304117506018557,8000
64400,3912261.4816759270616,391.09384444185451457,46903391.889805145562,1.1591910856678024899,8000
64500,3912307.4821619209833,389.47511038073497502,46904245.047611773014,1.1591910856678020458,8000
64600,3912276.4891477418132,386.37436653072273884,46905007.490042187274,1.1629304117506020777,8000
64700,3912281.1765641882084,389.91806753670238095,46907612.532774008811,1.1666697378334012214,8000
64800,3912279.6685604164377,395.27756319192098999,46907044.868476524949,1.1666697378334009993,8000
64900,3913693.2461759084836,396.9879520944413116,46932450.783291123807,1.1704090639162003651,8000
65000,3913694.0517738889903,403.73903832284389637,46935239.809968158603,1.1741483899990001749,8000
65100,4001483.2743570604362,402.3893105945564912,47961877.676115788519,1.1704090639162003651,8000
