step,temperature,pressure,density
0,0,-0.60071121486683165536,0.58891319471813519115
100,0.027463154084025626772,-0.023613150238413111587,0.6458312032872783881
200,0.052604772891359195819,0.027128092813190434612,0.68544898305174351005
300,0.092020607089935840817,0.024987112981179226967,0.72041685225225815525
400,0.14745252940869268965,0.034617999071018853985,0.75846857260611655338
500,0.21461338855794770408,0.04756963597135531463,0.79112130266773639242
600,0.28656839166914188644,0.049636257521666428405,0.81908057684455504166
700,0.37502544945656612896,0.063231720885965514434,0.83804862523013146092
800,0.47183774484718860043,0.066489243227352737287,0.85276014935150279417
900,0.57184208627173049866,0.024186048967349146888,0.85227410432536332419
1000,0.66717454452324376213,-0.034038498798196668849,0.83996216922370703362
1100,0.72906399880072769726,0.10080179594095826923,0.81918478236120373381
1200,0.83531661571443638348,0.044001792811576879993,0.79304212095848480857
1300,0.91956666271864284656,0.14751560774108549157,0.76265159544685323656
1400,0.99303435645322257752,0.0055547849838317323382,0.72261497412178188338
1500,1.06569315064773118,0.12018071348653001917,0.68926136668192328205
1600,1.1094547901862432671,0.05197116109098055825,0.65062247386946947536
1700,1.1432789573968598074,0.055484822102920570985,0.61721460851165832473
1800,1.1726533932410545535,0.061825670920645163509,0.59150051397007308296
1900,1.1873382540101724558,0.076406343584425814863,0.57753614994321567089
2000,1.1819495550263543482,0.1264606258881521561,0.57116986678855252713
2100,1.1558708253613747541,0.13739331140626301342,0.57452942495161318792
2200,1.1608050608735931419,0.087946919900095621436,0.5856311883158343834
2300,1.1327562187575108688,0.020009243528417892249,0.59128464876588660015
2400,1.122619852714002997,-0.018634378458387768768,0.59989685901425793269
2500,1.1393063661091049621,0.029502916754965507334,0.6107940694906747181
2600,1.1194688342666483383,0.10979875978093729672,0.60566217384870912888
2700,1.1471215273022541403,0.14971073343970703329,0.60099576289512068872
2800,1.1535377026558784053,0.038638487209857221016,0.5931351456548294987
2900,1.1667417670793778228,0.0068730194221744197319,0.58856262602058906364
3000,1.1677453258908103706,0.049267884177969671622,0.58847210979472874826
3100,1.1586856547254182903,0.032683770886347517093,0.58476594372378776221
3200,1.1717397666942115375,0.12804975848017391415,0.59455482378835988744
3300,1.1259454739211052221,-0.10744888503065352925,0.58828049110945968003
3400,1.1231638847342000354,0.037983436566457029482,0.59902907162679708275
3500,1.1481636021765742051,0.011017819919283203256,0.60492382334450311987
3600,1.1432288746059817708,0.092146556744539143136,0.60331222809564377663
3700,1.1628462365400433765,0.030844824204978509713,0.59939198322996678492
3800,1.1516895421068891192,0.12296886476137769417,0.59495301521980781256
3900,1.164731939869505295,0.04445028834407940832,0.59027541075227452083
4000,1.1329862930909606611,0.12918174300454346448,0.58715296074828160489
4100,1.1598787125600960035,0.16360236333081470961,0.59770962940421157317
4200,1.1562952184749675233,0.0048918237897044043044,0.59707807252450617597
4300,1.1584916007477121802,0.08353102826863333108,0.60134573654231893158
4400,1.1189672388381564083,0.028103829049122553557,0.59874773170501027764
4500,1.1400073249941509168,0.0073099236908677409086,0.59984902009755369789
4600,1.1268343376597964589,0.054640578427930283634,0.59877878987345434236
4700,1.1479667088425300481,0.055751553027942157836,0.59643625195992322485
4800,1.147443882316622199,0.084681969411313062768,0.59240174456332139741
4900,1.1750171939933278242,0.11184772440107337843,0.59574211454447356662
5000,1.1773255869694738696,0.076234687977702414452,0.59071158644706711627
5100,1.1448897896948331265,0.031811026436540823514,0.58385358453418745306
5200,1.1495937329651071401,0.19712214477568673621,0.58906061657755826033
5300,1.1719037409943704464,0.060532479313531097065,0.58853085998519061306
5400,1.1615660607044784314,0.056724335154337585108,0.58833036136894012458
5500,1.126390605111133203,-0.017133530959304282826,0.58135216267394240752
5600,1.1752300273061249136,0.10959558764136827225,0.59210587740760323161
5700,1.1357588438782852958,0.17515908872426649845,0.59023983709173977186
5800,1.1461658757819508381,0.066353334350117532114,0.58877203536625788427
5900,1.1499489008877112894,0.10574679761901398245,0.59216357698348032201
6000,1.1293512909976450853,0.045009101799666793864,0.58711782308759097315
6100,1.1445344761345326301,-0.033922168321015848391,0.59013021417863831264
6200,1.1561447080643145746,0.036232651374814878187,0.59537191557911339768
6300,1.1434284417851046101,0.073514651675143052878,0.59758253438379760336
6400,1.1138504037446652628,0.10238836386556766922,0.59759189110225896524
6500,1.1737137203898935223,0.15008258660872511592,0.609282435189821725
6600,1.1455328410350069657,0.14030529727331195189,0.60391925899221199359
6700,1.145425258968479687,-0.026516977480658770333,0.59892233785489956688
6800,1.1445870831277313862,0.1388414415868465257,0.60286948377537441512
6900,1.1172302240550353591,0.16347454015292234297,0.60072048576686487564
7000,1.1588166141921347752,0.12962782577537412809,0.6048037949658303658
7100,1.1290846377983112525,0.051688797611383889563,0.59517231555744909421
7200,1.1499165142580856092,0.08923709483944435028,0.59096131092651194017
7300,1.1622805019707991292,0.05639591300319998779,0.58607145759255030448
7400,1.1729717015025851179,0.099047353926947398484,0.58579732297098685567
7500,1.1602319994345722254,0.094205940054087750068,0.58589102969319029057
7600,1.1336790114952493003,0.17415260516865374574,0.59019378796831456491
7700,1.1624331287809388513,0.11637851608674999737,0.5998184104547615858
7800,1.1343542789164200446,-0.050587552045436995352,0.59510370692498837375
7900,1.1355374984411044093,-0.037981779622187315792,0.59860831774158795859
8000,1.1199551155004283665,0.026518576124768249852,0.59770881425591881886
8100,1.1630319407181195501,0.05244536869128210016,0.60106234903698974037
8200,1.1433959818809089626,0.024485507878286068978,0.58836625529032737791
8300,1.1503038989807288228,0.025337205814567352602,0.58474115524817327216
8400,1.1276048862320642296,-0.033026062237083778084,0.58019295404123305548
8500,1.1560725056533729393,0.10155153452253587454,0.58812583421062814004
8600,1.1243303564275575201,0.17160347321585642244,0.58467297119159689078
8700,1.1862836088367856302,0.11483004211404873596,0.59520483037087801303
8800,1.13782247940864778,0.050081705653243456522,0.58893489037488144788
8900,1.1547928052631739604,0.063716912117538507254,0.59383294033138112056
9000,1.1559437141737816113,0.082538019456195238499,0.59856567410239225335
9100,1.1473364879983563025,0.09981015121866458617,0.60067223525693003161
9200,1.1309469386133828017,0.031827740342388104178,0.60038514932868491947
9300,1.162215351365337046,0.13612435943529635485,0.60499337947904974211
9400,1.1404313915161727877,0.11586676584316034366,0.59527988679745158507
9500,1.1578867556376866155,0.048589583757096925509,0.59013893270315886941
9600,1.1568289007547929437,0.027818637525740274458,0.58544386870674636203
9700,1.149903759821699234,0.0082951119680908947523,0.58501667431934967212
9800,1.1624097490945601852,0.0088610235038517858042,0.59020056559456735013
9900,1.1429060786623197465,0.076615092072328291883,0.59334061550840355714
10000,1.1522401679103051464,0.0078736486542983815523,0.59876268903357665607
10100,1.0985570456826596608,0.074828971012223535753,0.59701916162009671663
10200,1.1492957636518779108,0.059979056979552039519,0.60767416134380181081
10300,1.148684892696496096,0.042103000997842691955,0.6058943228414362947
10400,1.1471482169888360669,0.085412040278445025554,0.60462372660119345635
10500,1.1533749069681875632,0.10208300396347640138,0.5998616301870378642
10600,1.1588429365756054423,0.14271665766277716325,0.59574935413564789055
10700,1.1322415108074115331,0.06890160544133744347,0.5841147571728463328
10800,1.1378998274047229522,-0.037193679713060402714,0.58340547139658038844
10900,1.1498938969604945992,0.043788606563009410677,0.58942265340169130994
11000,1.1360657863430332348,0.04272418021427488305,0.59200251534227954497
11100,1.1682508288156958631,0.065520565922411039272,0.6040784040338798011
11200,1.1304382694191805747,-0.023223962286594124205,0.59860866664298184592
11300,1.1387171576535735085,0.10558163926641740693,0.60188946925517428088
11400,1.1466836701952194399,0.066535551724910088622,0.59488818061134163262
11500,1.1487611579864174249,-0.034214623437874722156,0.58803490959418103223
11600,1.1456004096730403319,-0.0073803288619223132716,0.5889759563660170727
11700,1.1412524831827279836,0.062278892842937971785,0.59278548780385853512
11800,1.1480721375551659058,0.096764321672256417561,0.60108258168651418352
11900,1.1587965239370867643,0.091418016505287510998,0.60425431228750803303
12000,1.1284553762981635039,0.022824717806276081933,0.59733021520489548717
12100,1.1448500356729880423,0.14668202722517878489,0.60148466816112644562
12200,1.162963168421446758,0.11435969095655372507,0.59902303933080380816
12300,1.16140537246109532,0.074635950502386527727,0.59117746143897198507
12400,1.1733772031064053643,0.059008343150834252633,0.58940085676345888022
12500,1.163007908673118429,0.040085913754055055302,0.5838127559738510719
12600,1.1415144295101222749,0.087766712469430741006,0.58762525501785012327
12700,1.1437375828538489664,0.10257581467927441576,0.5934167422909555345
12800,1.1265803399877973856,0.13509526391684717472,0.59673836691370873986
12900,1.1273720329692644704,0.056867912471929217555,0.59906630221621326449
13000,1.1461837360769504546,0.046614476346705097098,0.60429118299821560356
13100,1.1548367053501360502,0.1176382643841081127,0.60543414019299435225
13200,1.1435825457794115412,0.087083172921008575318,0.59490587285050100519
13300,1.1514408833371159169,0.029351088729107577269,0.58994241161219029834
13400,1.1534556477292718935,0.0098527815562277631933,0.58144703870642766574
13500,1.1735517449204440066,0.069473339738148190414,0.58692724255194816951
13600,1.170718615680633512,0.037720647435618030741,0.58814429014509350679
13700,1.1113787875930554172,-0.029746839579749356774,0.58239197521714447525
13800,1.1386575715346918258,0.0028672153660217686647,0.58944300247042646923
13900,1.143593248071916646,0.024348658083331583407,0.59242985996487773637
14000,1.1395672683643165435,0.060516894659791327371,0.59357806902031740037
14100,1.1527200199307650053,0.075519042281929543714,0.59871578910678957541
14200,1.1285900344082504532,-0.01313215441483872592,0.59338676152241898176
14300,1.1405355098505751688,0.064660484574562873683,0.59882389008287606469
14400,1.1413624647605911111,0.082755407086910634518,0.59858891757037335779
14500,1.1430210063994630243,0.026398508617052150044,0.59436681715072947618
14600,1.1495311929635616544,0.10050786312278503498,0.59843919210963891775
14700,1.1549522558222071744,0.040584779119003454306,0.59908928486071810759
14800,1.1314456784829067804,0.13981803037541223889,0.60124890753336879268
14900,1.1372884769384610237,0.018185216248523164428,0.59448202074902656289
15000,1.1562482909742344273,0.13651453810945951561,0.59726101567258926828
15100,1.1578042182875343258,0.073295347314778158676,0.59569283663467731404
15200,1.1414586933595429752,0.067875702677723609435,0.5887661599910656296
15300,1.1453130555293187243,0.022251802585569181031,0.58369598274764877832
15400,1.171208488253182578,0.18325197435996751216,0.59616761262072803795
15500,1.1414499320230826473,0.0035818491252479320482,0.58657048455547311505
15600,1.1291190202634890927,0.023297443833811361247,0.58712095468053748792
15700,1.1356593467297371181,0.083439627450455605695,0.59840825137790876198
15800,1.1625390630651435409,0.034229363019976172255,0.60200990351274552559
15900,1.1362168385801401094,0.027068493481208013435,0.60038376733599529977
16000,1.1454268529397140242,-0.022440808540275167943,0.60232079009191286101
16100,1.1519068645877463819,0.14458975331225931704,0.60251976132115347973
16200,1.1482940823011384968,-0.070088740489358786201,0.58948906395438849248
16300,1.1499334582670599492,0.06418357250664903646,0.59170221672175282723
16400,1.127096454299799877,-0.0029400809303614110386,0.58819193799740066009
16500,1.1437994857581796904,0.057420010451229762383,0.59420474626965147369
16600,1.1546764737740873308,0.12412309730814728714,0.59564604964231893103
16700,1.1559848813404369761,0.086820726962635666468,0.59785285421934297734
16800,1.1412199041082626838,-0.015625711931593018467,0.59774048214878872098
16900,1.139343638505969647,0.020315448673207382041,0.59972779819732746631
17000,1.1311181267858829713,0.027599495878784418429,0.60284598711032499896
17100,1.1342987207214785261,0.040852710484250563672,0.59999787813386529223
17200,1.1360475455009371171,-0.1193106793659842596,0.58964438535383756346
17300,1.1462654499086093463,0.056827681976865024316,0.59123589046291613602
17400,1.1521359307571445996,0.13878481198358544324,0.59137746562225257385
17500,1.1706221113014485535,0.12525229058678061245,0.59197460136621959936
17600,1.1556364882544813977,-0.032345316298123948096,0.589213801692969108
17700,1.1127029931335266077,0.11233312659131423905,0.59348282618958625445
17800,1.1273279790948880219,-0.039745191330412814323,0.59813069275809627179
17900,1.1498042845794873568,-0.0085424368351520105214,0.60311411701020090081
18000,1.1645579108980761429,0.042158052750460563163,0.60543012499697923534
18100,1.1360842614489392588,0.045225875877085985888,0.59966563455544796835
18200,1.163621080809032371,0.13093604047220713804,0.60210865282893122341
18300,1.1759346920397857339,0.053216802117722047938,0.59848210872278062578
18400,1.1725248759739177462,0.13668619822470037817,0.59269355579912463838
18500,1.1888693439450799261,-0.010553305954162386926,0.58858831312764314792
18600,1.1458200335138000181,0.093382139443576747673,0.58467898764303916082
18700,1.1372358268101969703,0.097039108462809414712,0.58918048992713611955
18800,1.139360937861270795,0.022769494105714889465,0.59206293890839178928
18900,1.1557582376325976625,0.047860286526282054542,0.60014498636535151821
19000,1.1583623689107256371,0.03376387223888391298,0.6003154046001097921
19100,1.1492621199594255099,0.12244867616505522578,0.60300740390399842905
19200,1.1431458219659544895,0.14085455533367990943,0.60712358393875598406
19300,1.174543046304874494,0.28992195126058328825,0.61685076990016374232
19400,1.1431411581848194281,0.17625390655556094632,0.60101374801742279974
19500,1.1585756371630582251,0.018538535346853398517,0.59326260201005531769
19600,1.1705036519747933355,0.11566629846003825821,0.59597032869292843049
19700,1.1489845129407230129,-0.0008084482360683034911,0.58786639840373422494
19800,1.1396649498495963204,0.12599286802984929756,0.59554609102869249249
19900,1.1399290487852111742,0.049023509527950696885,0.59768251965454188834
20000,1.1484646250692462921,0.112555499677026008,0.60444204840003090684
20100,1.1299179062311193178,0.11898829083356469993,0.60492179117905831021
20200,1.1159124368751411893,0.070640315416235846535,0.60793211252020706858
20300,1.1277336857769577616,-0.03171157571902283312,0.61123239158457798315
20400,1.1331296331876914429,0.070863911526412901032,0.61323641769592773798
20500,1.1504652057408331078,0.012262564994042650379,0.60312238238852966532
20600,1.1543811410466877643,0.1332421407939184399,0.60457735193538542084
20700,1.1644432169550682499,0.15012318720027173491,0.60372060974719465865
20800,1.1365060721522954879,-0.0052431947517770551709,0.59538942931099481104
20900,1.1370485040862519099,0.08536927722667864149,0.59563717437489294149
21000,1.1321670628569882044,0.041576765981143452844,0.5915420170379188658
21100,1.1581331108647354711,0.043513071778374774745,0.59840267641516886599
21200,1.1439519860699405296,-0.073877701608048532145,0.59522255876352547777
21300,1.1460652287259074367,-0.0075126057265813830574,0.60087613900982628223
21400,1.1179208939767659725,-0.0072790671440716141899,0.59838868178978621426
21500,1.1481783426926046587,0.049676670067560234345,0.60144146782224561232
21600,1.1408786644183726011,0.022325350772142846939,0.59432754163607148801
21700,1.1500857819438421448,0.13234623870596295969,0.5914516475638883497
21800,1.1474450129336739579,-0.015964114686873382559,0.58750995073138911895
21900,1.140371970076758279,0.05455582991548403593,0.58795366127404913303
22000,1.1358562294286946859,0.16467295310470919656,0.59922799223899025911
22100,1.1258016744779124618,0.19237458411372870826,0.60116039244387908802
22200,1.1398514186792809699,-0.0074188212575939981377,0.59746927355816892291
22300,1.1589892920257585107,0.040446973073147630962,0.59851462865489057918
22400,1.1529100082833001473,0.072150652983519192318,0.5934124837107280781
22500,1.1491941616597356468,0.025311229418455132717,0.58559425363827743993
22600,1.1554686199070800523,0.093963535541833786979,0.58637786375967626551
22700,1.1619194707901279173,0.11425691143818582363,0.58699328194352118349
22800,1.1476493153242368628,0.0041820956634631813523,0.58512911931678246447
22900,1.1518910861528943723,0.040572978325010417011,0.58920650120947382078
23000,1.1264934717706123202,0.035530289192472086501,0.59091423750168148299
23100,1.146633144653647518,0.036114581608753325292,0.59798876130880496138
23200,1.1417770965790285942,-0.0099746479318426704147,0.59736590591034055553
23300,1.1684787285274305102,0.0059406943199977572945,0.59719962499633905129
23400,1.1362742847870359597,-0.02732417233605134721,0.58566196079566490429
23500,1.1371959037567938022,0.022626729141913212023,0.58363418925098842216
23600,1.1426514312606297352,0.0037826973343717718197,0.58386995991153400887
23700,1.1264578508586391425,0.10963758288951344633,0.58740868231572473945
23800,1.1430205066320022755,0.040394354652952747797,0.58173140402664702542
23900,1.1539999486211445223,0.096490120197038384275,0.58324518032385275212
24000,1.1749692914272340527,0.1383160548907677867,0.58873243753405790635
24100,1.1382285271326959553,0.034009594052003391806,0.58223159054568507376
24200,1.1672851824247125752,-0.0020770123109286422504,0.59158740846118562651
24300,1.1468651417961586159,-0.0033426177411770030025,0.59549685063602364465
24400,1.1260795234181484314,0.065209820140524843435,0.59628940395288987375
24500,1.1329545401411986738,0.095460606349265536563,0.5967362693747860769
24600,1.1494881328837311951,0.061292784508144355915,0.59637741408470945625
24700,1.1247545376505458936,0.12409062460153250096,0.58443900008922267109
24800,1.1747389247885371422,0.05699261844028985502,0.58818150005607217068
24900,1.1452897281407110608,0.014663657384937935774,0.58151446654177985085
25000,1.1442365316541824871,-0.010530934696186464855,0.58414533253622746845
25100,1.1455068969138721968,0.022244954430984897886,0.59368572754934156865
25200,1.1106630174622733609,0.057380412299827515676,0.590722446629978859
25300,1.1331428664049434385,0.013145005630005472674,0.59279488634935872948
25400,1.1261601672511116767,0.00874156160744222685,0.58989963101380205046
25500,1.1475525701280919755,0.082517289801534762783,0.58739461873181464391
25600,1.1734817098815633063,0.027197837859043550585,0.58665539400576516282
25700,1.1386019224456895849,0.083994529726731201325,0.58147550050925689291
25800,1.1713866802309327309,0.066244856513198377423,0.5908639262573015527
25900,1.1675520622685482408,0.10912734508630245189,0.59184213442623012646
26000,1.1426892666146077904,0.066549378165086076065,0.5949488082468875616
26100,1.1226441012078445247,0.023717384914823901737,0.5932775220870926125
26200,1.1399995136952199015,0.045603777553616595131,0.60082213106438064898
26300,1.1422462413151344141,0.096680316919759881622,0.6018146378810845798
26400,1.1500811917403446216,0.10120757631890464623,0.60218574396378110603
26500,1.1436193964087579822,0.073476453550985254548,0.60203621857952671625
26600,1.126263523716394932,-0.001696616063093611031,0.59894846999201645232
26700,1.154308258512978469,0.031753558541330537124,0.60038308499068226975
26800,1.1704361924393982264,0.17501618304505225931,0.59934297199888453278
26900,1.1721163817286375242,0.098079867074441356989,0.5961748597675755601
27000,1.1227899273489607701,-0.055775325778792253506,0.5845012344435899232
27100,1.1141685205212332743,0.051491499183111043292,0.59443589959901987907
27200,1.1356895993895146368,0.045428497090267243308,0.6030392036425349378
27300,1.1363078001373680959,0.075444504013172986046,0.6033267364836946145
27400,1.1525455243654287862,0.016467946340271648331,0.60063381141177796252
27500,1.1542344185463750961,0.024548439567758487817,0.59488726188851759336
27600,1.1747709300060460436,0.11001938198240407418,0.59717708149901949088
27700,1.1821962684453821701,0.055231575772522849277,0.59599044252326582871
27800,1.1577568074788078256,0.082185915067500017739,0.59736510988626434493
27900,1.1601741102313958276,-0.014636138284277405361,0.60136814875590205443
28000,1.1637012568595541673,0.068138624646450457467,0.60893496101649902119
28100,1.1203081024708545499,0.042761351848428566513,0.60535884104571624498
28200,1.1219238360131313925,-0.027830441364171683294,0.60481669613851929412
28300,1.1524381391605131864,0.035367115741788274219,0.60747368370033827389
28400,1.137280525368057349,0.12898585826488506711,0.603849449460780896
28500,1.1281867124775704081,0.087320193489927935837,0.5985125450363002475
28600,1.1522618770753021433,-0.0054970870681376269445,0.5981815161413580606
28700,1.1609868637652527301,0.1016046907594300025,0.60201444397732495339
28800,1.1402643041197573215,0.077230735875927297718,0.59833399377867757529
28900,1.1125869364874989564,0.10117998889027217391,0.59955845137514340859
29000,1.1687781983114351458,0.040428806228093319697,0.60936606576218987907
29100,1.149316527685884326,0.036905779960999751665,0.60124866200229309943
29200,1.1482065839364095083,0.068312357307325780043,0.59428073814925885809
29300,1.1487050540101384488,-0.011423176727591983354,0.59011817392114318537
29400,1.1737962632215430681,0.12404175733597076758,0.6008003792925616926
29500,1.1407652903345331108,0.024523637720544059354,0.59484334210238698493
29600,1.1234490979017994761,0.066760620868397513306,0.59526137871356754605
29700,1.1412344153634186306,0.077194360035459166913,0.60169254009027972607
29800,1.130200904215311386,0.115353088426672995,0.5912172588853495947
29900,1.1572522740396753438,0.034027255452700695681,0.58684600966204825134
30000,1.1465803741485953715,0.054901671331042026236,0.58430254586367169622
30100,1.1486501812971969816,-0.059127173107941202734,0.58606233007364905152
30200,1.1292486496635816273,0.056763153893452454601,0.59188742330685750748
30300,1.1384969730318830194,0.13095172714945807479,0.59759584194106207811
30400,1.1199748550097756716,0.065264978310810947693,0.59395241454782621293
30500,1.1609066597008161903,0.047182471171151534051,0.60013590272992189956
30600,1.125678415466472071,0.023457304133052751111,0.60098226771685858694
30700,1.1550539019993097956,0.19199367566212535707,0.61564377351779220326
30800,1.1300382959418642237,0.0018423978866748604456,0.60741048922398865884
30900,1.1524373388724744594,0.094789608062952793177,0.60551990701718272359
31000,1.1330691392501162085,-0.0083700634460411506982,0.59674406866745233202
31100,1.1310686189267693535,0.026538719383524856515,0.59371166976689371264
31200,1.1404867280491206571,-0.0027037855990080430363,0.58852125668333066244
31300,1.1610003131179291724,0.079093106901530596531,0.592019274584100752
31400,1.166876475690113768,0.0072751224305030275097,0.58789164057827858478
31500,1.1733704838552783123,0.14059107030809084304,0.58928834109031469346
31600,1.161149804350116499,0.063791945592253013197,0.58630242280960498391
31700,1.1450208994401855911,0.14548927278120996065,0.58934012632771526352
31800,1.1314258313885294793,0.065324443145795260679,0.59220274497330926966
31900,1.13740874910954326,0.059444480349827043264,0.59719041005046247239
32000,1.1360953880673267946,-0.027855227001973209555,0.59801627713874927483
32100,1.1639324436855682521,0.026663078878378300429,0.60535459554890835854
32200,1.1236673357101170101,0.074207204443529253823,0.60217474316120112032
32300,1.1177401887326330332,0.057300000043908907998,0.60304242028525800734
32400,1.15691749553249279,0.038650817293217926141,0.60335174193885543481
32500,1.1295045922494051371,0.099969677187082051084,0.59450301658687276785
32600,1.1691097142714428347,0.057197957544620016412,0.59698818905146877611
32700,1.1281324338380582795,0.058184003102466186341,0.58975599246965182409
32800,1.1461447139639397985,0.067756376821125494092,0.59107221051329861261
32900,1.1755927771936858228,0.095276191147075042776,0.59062513863035293049
33000,1.1677579891965592651,0.025098198510508373804,0.58432840957523424219
33100,1.1658145330091582714,0.12466046346430992298,0.59104285378268039963
33200,1.1263916914411309378,0.087457049151922525154,0.58257122742525535575
33300,1.1500521162602861391,0.056180616729287258249,0.58809080348074060929
33400,1.126985404480265629,0.045283898538130265554,0.58861132148675288089
33500,1.1555903774121345506,0.05639913953740050695,0.6002406934674372474
33600,1.1193893091681756946,-0.020110260287438924687,0.59383121464657828703
33700,1.1443838558407506412,-0.010041992961623991826,0.59916273883582749082
33800,1.1572279369882410016,0.10574582437679692914,0.60182214784330467783
33900,1.1689543830111079892,-0.031529938127105264223,0.59502842788052956458
34000,1.1736198323269178001,0.0024792082581571880072,0.5913430737448711616
34100,1.1465539338213883713,0.023941784246147602977,0.58896394168280441495
34200,1.1430834813527972482,0.040785820361844700443,0.58968702570941633478
34300,1.1263772442836101906,0.044532595759935969526,0.58782636502855689642
34400,1.1446463279168250793,0.12471178932769215464,0.59384289860758410207
34500,1.1550147169506601585,-0.002990386674488582433,0.59353358624332985816
34600,1.1727512646226594395,0.17533691272946846929,0.60028274996113006878
34700,1.1178748079314655417,0.10435708448831472472,0.59043514500056204497
34800,1.1424474101281234528,-0.044022613268098836903,0.59038938875276492091
34900,1.1290918928493567375,0.0013795339414267207123,0.5901587602679058131
35000,1.1467157148106925657,0.083266361958281326361,0.59474873420061580287
35100,1.1553344350925698336,0.18932563553477130269,0.59494784608886397415
35200,1.1604496260025134458,0.046858747456557520161,0.58744808259130876227
35300,1.1474108580979511807,0.059672813909404896771,0.58632183784443858698
35400,1.1784009914876272251,0.018891023613172824858,0.58925087631496220197
35500,1.1356570783164687821,0.061665061067169353592,0.59184220852072566554
35600,1.1571734149069636821,0.049629668050073683094,0.59788203668203421248
35700,1.1665861250720543918,0.13458235273338836624,0.60350613541457676092
35800,1.13707721550668861,0.13517801575989091267,0.60146640962155761834
35900,1.132540049260527093,0.08345101498770847448,0.59639171510921662467
36000,1.1538310945731136137,0.11687279249649402957,0.59319587525708961095
36100,1.1561586400406864694,0.049470436080770924248,0.59190466258677998379
36200,1.1351572476247320242,0.00062604839900243258212,0.58665255901351642809
36300,1.1306798775922846101,0.012261374181316153295,0.59087968983245919841
36400,1.1655254955679406059,0.079394591637803685336,0.60384936661492039089
36500,1.1541963423591341531,0.064898367138840257207,0.60390977746156915273
36600,1.1601557551661600964,0.071406973011204993851,0.60478339803653724527
36700,1.1644246957219339667,0.20913563061161904999,0.60795391281420996243
36800,1.1544214603299127742,0.0085195900290330126015,0.59490842944007760185
36900,1.1725033140563969614,0.11382616906386130995,0.59654697793319000354
37000,1.153264320694627143,0.095492024316204668355,0.59423898678927233874
37100,1.1370507034350725295,0.13100100928564686886,0.60096764442052519328
37200,1.1554224559539392203,0.13469182432059081944,0.60466908105157857189
37300,1.1277147231213402456,0.025195766840043588158,0.59654859173159824337
37400,1.135983960063421172,0.1354496748550148566,0.60105768919711943798
37500,1.1238163394689049124,0.081208764561876603527,0.5973414948335665775
37600,1.1498065846639720089,-0.023605107550147101658,0.59676367780714745237
37700,1.1143615787825040808,-0.033001431907334191629,0.59317174093659863487
37800,1.1213415152210242098,-0.026943835876231347209,0.60024875440863878495
37900,1.1106127500892002402,0.0076645599489473777502,0.59851405834756787883
38000,1.1580213693049028478,-0.063282670587136574669,0.59954368382345679667
38100,1.128996520577551621,0.10032968399221602052,0.59621914274243259513
38200,1.1398344544258525168,0.063722466656601750579,0.5949202304042108258
38300,1.1433146622304715123,0.047966103436069620902,0.59630112147847647019
38400,1.1376587981892969381,-0.063912011264778509356,0.59446823784739644125
38500,1.1345952651052975124,0.060187663303862264097,0.60477284794587626848
38600,1.135508351626669965,0.052296425663277176787,0.60667856574590683927
38700,1.1499426816990194755,0.047372781970033479848,0.60692656790150545376
38800,1.1504428429848090332,0.056674440160840777736,0.6045061797803610304
38900,1.1759998214856552945,0.11586814136901529837,0.60304213342815782273
39000,1.1556401672312002216,-0.052958598196297702876,0.58809928566314162435
39100,1.1625733152295167905,0.095870258636127581031,0.58969813806281423663
39200,1.1498556964791055712,0.029161075847789999504,0.58831271663783024639
39300,1.162441505114166107,-0.010663200023231707639,0.59183933009168454564
39400,1.1760519811420393488,0.089604085953644330154,0.6033882248904451906
39500,1.1327287436355342187,0.023353830329596762111,0.60215673474350761563
39600,1.1211293024781634475,0.10241977177603910076,0.59826477036537606402
39700,1.1608846511111758915,0.06791897531140679567,0.6004164833194016726
39800,1.1287921249168924032,0.029710292780802304013,0.59186448965127780308
39900,1.1369345334612017684,0.021394509533712649518,0.58523798497464163404
40000,1.1595923895206319276,-0.037294890884885231741,0.58776457575655693955
40100,1.152362917122120356,0.02619205925007102656,0.58974030601313776057
40200,1.1515326773695331308,0.089942634257687212318,0.59594239536134641089
40300,1.1582138241447765825,0.086450962758089652804,0.60168963910897721448
40400,1.1408952679454713586,0.031066359139546528834,0.5994849038266325536
40500,1.1417421968413332678,-0.0038075666281219334476,0.59788826431326758115
40600,1.1470371614584899955,0.010839005013524092083,0.59930687989297759533
40700,1.1507053975925620737,-0.027096176437094308259,0.60185589288005059139
40800,1.1311243367922525493,-0.021793202284502356803,0.59742961575363728866
40900,1.117488243897789113,0.030950885188656698799,0.59716248896223089737
41000,1.1335979363030637135,0.087591539954026867432,0.59979957178463982892
41100,1.1503056659678811968,0.048417341916028311388,0.59452745744778301429
41200,1.1553424082871315282,0.11391044280858377002,0.59122386678767024915
41300,1.1636347557117148188,0.06805760463727915377,0.59181876084126128212
41400,1.1183631525795301176,0.014040861862724442199,0.58267599327879626703
41500,1.171711061460491976,0.055050160932926583968,0.59374324361546371165
41600,1.1607205580969885972,0.11464480214497180244,0.59704257427120577262
41700,1.1613274417609755762,0.090406784458659295023,0.6026240485893052945
41800,1.1558176166178888433,0.11474432427262706846,0.60813281699871712949
41900,1.1469228296343660922,0.12877802791321921183,0.6083147071751725532
42000,1.143672123351892278,-0.08179297056156799306,0.60071388958275795389
42100,1.1524012966816923331,0.1696502177314185289,0.60312851318579197013
42200,1.1556750796074994891,-0.017549455350733898784,0.59415665322712751806
42300,1.1242826232257272512,0.02830985951822966723,0.58501928362376065529
42400,1.1435347561119315607,0.064310493726270012704,0.58565273859306421489
42500,1.1723292903790982766,0.043100554969434642927,0.58811871536425686102
42600,1.167449057962744563,0.085891366566474891542,0.59336960989504217157
42700,1.1351404868840568874,0.11539027274096826103,0.59324121288905595772
42800,1.1469058505539582171,0.059433592509227153866,0.59895092950026285195
42900,1.1548908379491922283,0.16990675638784180634,0.60486722291872330182
43000,1.1501234256065417938,0.10079138585894333036,0.60095796853772498469
43100,1.1689743276206050471,0.075699826052065391502,0.60164285179792975633
43200,1.1500080457875221374,0.11651918479587997091,0.59288269184982322901
43300,1.1224396209325033791,0.04478251718296662881,0.58149563291509087648
43400,1.154968501855811347,0.018266083325508133267,0.58298860679188646561
43500,1.1320883858570898184,0.021597475615370950036,0.58077599738777641036
43600,1.1391004255099905773,0.09474560230210511691,0.58610290994611335957
43700,1.1387511098495690653,0.016666147525163460541,0.596821198104124373
43800,1.1358099327595994055,0.012202204173873095958,0.59795719524062296291
43900,1.1384143024278203793,0.14004652876814024931,0.60152943720568374797
44000,1.1300988046202200543,0.07344480406955775087,0.59054066570599905717
44100,1.1801840804300116616,0.16363436694736085975,0.59939562663303325163
44200,1.1323118570403125638,0.17368463100019798651,0.59402382936083608644
44300,1.1661338144297352937,0.066055003918949417585,0.60020410381946376344
44400,1.142325583511090592,0.23944176946904660586,0.60723017507279875016
44500,1.1219092059321869037,0.16527771466787855026,0.60303456521038767413
44600,1.135010053970014976,0.095429022704766663932,0.59957106912874336135
44700,1.1601142566777673526,0.034588471788338667756,0.60015952510400927267
44800,1.1583240864965631545,0.15146105654622532555,0.60255415304060067072
44900,1.1148698644672798697,0.085838376534855667654,0.60044229325150355603
45000,1.154589019582941134,-0.027696827719854693467,0.6086214512955321343
45100,1.1388272503360541421,0.11510373379144511752,0.60757940671263122034
45200,1.1416632363716225917,0.095093234350271060862,0.60340295769694507477
45300,1.1382638434412473138,-0.012060686504862009119,0.59682847479680245506
45400,1.1602088941252872711,0.097355362587194363422,0.5978383508681236469
45500,1.1529161704286727819,0.087569194969061278644,0.59692098307214547237
45600,1.1486204781209847781,0.010829161716591794926,0.59075835220909356238
45700,1.1421115780370945103,0.014639713494581088268,0.58849935807603903637
45800,1.1361809305418288929,-0.07297364593293627355,0.57940022351723330374
45900,1.171018922688373598,-0.034936493163568477227,0.57839334657770091752
46000,1.1717104377165457052,0.10138102959161991723,0.58355153867923637012
46100,1.1666559089006438565,0.087953810087678441221,0.58791438255929107104
46200,1.1622779835338743482,0.21217254249028869029,0.59622884373983331407
46300,1.1566112078566210819,0.060900847513220099372,0.59012693603173493884
46400,1.1572867730887292925,0.18334014439750123682,0.59687130401512666911
46500,1.1698097545036911793,0.15871308160969066492,0.60139883745490552158
46600,1.1164773657428852527,0.10490443063316542971,0.59704701096621404233
46700,1.103329871085036995,0.011518249144096230976,0.60193912963414231143
46800,1.1235865115167971151,-0.025640556741464145402,0.60221241533957303727
46900,1.1264848728573655379,0.055242040310281154136,0.60139293735105481264
47000,1.1505957083193982804,0.084682395556924902613,0.59917547970062579044
47100,1.1220697841021820551,-0.06773906960436898439,0.5852313749548965216
47200,1.1321064312563036136,0.01056822558152003752,0.58527308862850879745
47300,1.1757968930948388131,0.1477157467002992719,0.5938173362337780814
47400,1.167469826392886656,0.039369020528909413892,0.59158008663161620877
47500,1.1447475586878208542,0.10570496682872043692,0.59283602088570375166
47600,1.1605932606291697873,0.098559057141182557227,0.59352372644596740336
47700,1.1374033296098167156,0.20479333946384140064,0.58801483021400335893
47800,1.1681658168721595903,0.18521755701747155687,0.5887662200861354389
47900,1.158436610081068574,0.10915826407295618761,0.58636155880807239171
48000,1.1730258201891716752,0.026297889629364055303,0.58568579105481233249
48100,1.1326068614257358558,0.15206010162960179044,0.58403258375747202358
48200,1.1588620930490203254,0.0043186295219696611142,0.58495951652138489241
48300,1.1389609810869585349,0.0011491011515087645473,0.58414809155236446792
48400,1.1464257078060384742,0.0032033601107848415183,0.59374825484559501376
48500,1.1558662488346798103,0.039629372677391937196,0.60172863228841499961
48600,1.119761402169535458,0.1257512192326981082,0.59974376899417569664
48700,1.1415234231707123147,0.14786934503182616596,0.60307745549012015118
48800,1.1586814970400882707,0.12004553448169250074,0.59930894617000618485
48900,1.1513010151502527378,0.17796791746982545956,0.60019426703118694544
49000,1.1682075651192336263,0.031098165106986534745,0.60088293719002883186
49100,1.1628423585106948401,0.088371677493061420727,0.60536785467420950457
49200,1.1423331966172676211,0.082805258795599426258,0.60229172704270816929
49300,1.131352426944647771,0.0059170187269421796461,0.5986514929073015745
49400,1.1293114420274530385,0.063715316937221253002,0.59450329205154361922
49500,1.1662384431151553432,0.048990796189248578263,0.59785394020406457116
49600,1.1475768682528291187,-0.013867416849069811452,0.58986562982938184341
49700,1.1400256106338271245,0.093759917145245938452,0.58805806162981844043
49800,1.1882445307246021216,0.10190259698815802569,0.59884296853240848169
49900,1.1628645315260246473,0.050786771172825408149,0.59542636907121893053
50000,1.1233212885136991677,0.059259501692609420354,0.59502601604202420837
50100,1.1325351726244241579,0.048617787638033115039,0.5986392274765601762
50200,1.1432615679100206485,0.17506824366122961112,0.60230724721934647548
50300,1.160574151526696296,0.09558579786729619332,0.59090728920780211109
50400,1.1547888510265884587,0.092180973633594648353,0.58626934280347442474
50500,1.1772895776105767318,0.10796085732379699651,0.59222423039335481132
50600,1.1252914222117809118,0.0056659308498456326803,0.5828381987813577858
50700,1.1484654060167001077,0.026084248961738328715,0.59200299699890390759
50800,1.1645994501959937573,0.08142333465458295727,0.60278418882221818098
50900,1.127812051414836203,-0.085426709505460704519,0.59819223965392986919
51000,1.1454887126727824054,0.077368305727339992117,0.6132832827609088211
51100,1.1446608679491507843,-0.011565815225675596389,0.61551286655785042434
51200,1.1375354230520673404,0.090049551948658809741,0.61605327207623250541
51300,1.1628502766785855371,0.10001091237167233916,0.61487522981098718944
51400,1.1411235199183651368,-0.014407751691526594559,0.6036770953545790297
51500,1.1583634645274663022,0.11451686641116137766,0.60573045579581841213
51600,1.1417158615629814378,0.15026742668127357483,0.5994590340795373784
51700,1.1674621895576164921,0.14448278738901967899,0.60183239140851430005
51800,1.1597815074983772732,0.059011417413458770731,0.59918267965627147742
51900,1.1299229735893865367,0.023961754170233495742,0.59580937905074804473
52000,1.147711770358955885,0.09108756904424650247,0.60371467282203750138
52100,1.1117008392772587122,0.048355941569263281854,0.60179419300838743467
52200,1.1428164492152590448,0.10688004582295276834,0.61244059392889582671
52300,1.1316285275106570118,0.015949959019886862654,0.60642978903966915372
52400,1.12511104376480775,0.023619282484331812627,0.59858513696826820549
52500,1.1278696807668342483,0.052491923936623927083,0.59461416930385113666
52600,1.1341757161013996669,-0.088542908033934442091,0.59003284997210569962
52700,1.1677740525541537853,0.012907467851986315424,0.59753050042882693837
52800,1.1640852782872987969,0.15107785378638752261,0.60790447890350407523
52900,1.1515704196973097773,0.077981853509908230504,0.60735443619291318296
53000,1.1515696499216732107,0.10304249292417065609,0.60704063285207521261
53100,1.1360263930481859784,0.070131098896273572074,0.59826585948541188831
53200,1.1449738595152005871,0.11963656858622412349,0.59453136953595075997
53300,1.1682100757800928381,0.015270909790620153593,0.59541582743740795181
53400,1.1291271800608564391,0.03255731369773995354,0.5878687688103444442
53500,1.1177015546864461637,0.12202558613474502602,0.59089557124449221259
53600,1.149165975857317834,0.10085429124333972206,0.59365209793622153445
53700,1.1556941207417610329,0.15501418879354364466,0.58929529479207609644
53800,1.1424533213914951357,0.035792409383083860497,0.58172336709819394418
53900,1.1324131445052962874,0.022423092151595346022,0.58182377043697386387
54000,1.1441856210635528157,0.037402050625681242113,0.58965518866256338981
54100,1.1424005875772746954,0.088380712163845520646,0.59260251674097785823
54200,1.1522870303602401609,-0.0062356516568946715115,0.58996383471605884363
54300,1.1605792081153112338,0.083028088358284415915,0.59369796401604502112
54400,1.150360778696643882,0.073435810820496522089,0.59096198744493932953
54500,1.1521544674439658795,0.037927757284181247421,0.58807892332149491743
54600,1.1658502737779981029,0.042201298805466941344,0.59065624532637883704
54700,1.1267520597053373166,-0.016940265620727146256,0.58744110315905906372
54800,1.1379183388711546776,-0.030191602831647748606,0.59047691634888532786
54900,1.139618399191257847,0.070048388739122544044,0.5962509281759998947
55000,1.1290084372729269901,0.094208685066411348985,0.59648353163821143941
55100,1.1525266118090764511,0.020905548677901467092,0.59877037090042084522
55200,1.154114212411724516,0.080807222901351422051,0.59615307062013966899
55300,1.170277476780588799,0.12896323496718892221,0.59646334531507294585
55400,1.156423473325448148,0.15225325733092212599,0.58747565437125603971
55500,1.1712490819557088706,0.10514442221865916149,0.58621751285985201907
55600,1.1600115414613214604,-0.0109292105169299502,0.57994816442768470921
55700,1.1460800760206031335,0.078851295796974987806,0.58867390568729205391
55800,1.1474614834969556476,0.11759031188866755913,0.59796284974932745193
55900,1.1357135287464930062,0.15792411141015744169,0.60289829220540169796
56000,1.1405521507588345376,0.0018639066796484874723,0.60006577402510741237
56100,1.1274213153180872027,0.0060960527572222677692,0.60331118260970018063
56200,1.1363107066451891836,0.038404633430148320261,0.60903761150898960697
56300,1.131492734445755266,-0.0104809754191329315,0.60996275673725031119
56400,1.1320701571501330385,0.10416642682877033654,0.61277781376395545898
56500,1.1447619580923804605,0.045165276981576671367,0.607158701198838191
56600,1.12477255523189279,0.079385402725324433204,0.59961128479650138701
56700,1.1510829556396446893,0.066452090392946944197,0.59887489789007386509
56800,1.1133841530019903399,0.026022079377138129797,0.58411751032694392283
56900,1.1385884027526831375,0.1134914540199325611,0.59031107754188227865
57000,1.1667378944728246104,0.030849398710663153422,0.58606440505587953371
57100,1.1703683722151385638,0.049409625610029303533,0.57904638970080291038
57200,1.1424020529355705111,0.035236202846751163431,0.5794824290573200587
57300,1.1331407283472854086,0.040699997479311370019,0.58029601662749696889
57400,1.1543068392790136745,0.10325553516306180957,0.58815982225820828688
57500,1.1476077286573673764,0.030320639225645949766,0.58985485633146350626
57600,1.1444075969109253066,0.032022147369157663577,0.59158568742750172742
57700,1.1615026891631574646,0.028198190583281115829,0.59907061113174064904
57800,1.1272122860881506057,0.014304124729235371399,0.59364961994294007663
57900,1.1250319349161375104,0.030847814070880958531,0.59541994402865638936
58000,1.1346877612250836354,0.049010988721806883484,0.59694509914932347705
58100,1.1573109033619537467,0.031016501508687351063,0.60099280357310280731
58200,1.1291563653112355325,0.053951226967836878046,0.59262510746420904439
58300,1.1756545292781823697,0.12117046051348732971,0.59726369547127411419
58400,1.1274002607626918415,0.017487156995926591424,0.58622453667297602653
58500,1.145800206169881541,0.092379198082102417788,0.59317914686792716505
58600,1.1498086403898448715,0.052744217681990751556,0.59743277028360231018
58700,1.1366667041689668682,0.074977945311775429094,0.60159126566780818379
58800,1.1443134272778043847,0.062034826825588841592,0.60468925721447619459
58900,1.1455615448616780494,0.025293539537851912613,0.59435458518497752411
59000,1.1761951404555894829,0.0016279924679454967854,0.59393162123409792841
59100,1.1417563946309079448,0.00019529796476371906531,0.59178163208779799298
59200,1.1395049423722432014,0.030508598939458290294,0.59491849471982305442
59300,1.1518322111767986815,-0.004485262419127032836,0.59833856404103391569
59400,1.1422559797136153659,0.1939421954839276041,0.60448684066709701401
59500,1.1675786449998464267,0.19591766869429411146,0.60768552611835446875
59600,1.1301774788596250509,0.070311821406498387077,0.59756540348765241344
59700,1.1623583677850302109,-0.045982988670382196617,0.59653327495002661518
59800,1.1275222999214626896,0.026035130131997537978,0.58518709607980445853
59900,1.1629137690472717281,0.028057497778638734037,0.58835334720491416771
60000,1.1371740963742571484,0.050744729462610792259,0.5846279561763249033
60100,1.1508002296693529143,0.0081384398061527824658,0.58939029467071923918
60200,1.1614127225927244336,0.1009512536421014739,0.59431190807822209532
60300,1.1509208176363869836,0.096163008669926941518,0.59447144055329770307
60400,1.1402288787691026162,0.13698034843381098891,0.59770606020155769844
60500,1.1816383792931257624,0.067151597568605073119,0.60494777846373726238
60600,1.1325267052629832687,0.1383239933914331421,0.60095165616708179357
60700,1.1382238066091552309,0.0065865800294696635539,0.59532271638652123347
60800,1.1414797362792066249,-0.010735303888642565642,0.59336890063738045864
60900,1.1349049848859029677,-0.010684729140810289225,0.58664460467955081846
61000,1.1770674417034938664,0.038524831857284287662,0.59388037467030097005
61100,1.1417096436246176872,0.050180329487238321817,0.59120950056540411133
61200,1.1459740079256024448,0.036939146945954903778,0.59449405012714595653
61300,1.1212953125764579809,-0.01913196888376926183,0.59026456358439505223
61400,1.1588522920481689749,-0.043731154963135468461,0.59249500786269526653
61500,1.1386211522468525636,0.0039826390138411275205,0.59347798939472184987
61600,1.1458013602668861708,0.055459137643863426481,0.60001588134593553114
61700,1.1449898712279236168,0.064921887036873432431,0.6028585414989989788
61800,1.1321067880883082246,-0.00066778326032005004814,0.60097702098678917881
61900,1.1516021168880312686,0.073956466094234354913,0.60353791094351705304
62000,1.1749079818167822431,-0.055607037282004882772,0.5943140696846498372
62100,1.1416860055003756891,-0.015428043427334054219,0.58986417260766610404
62200,1.1590332680255863718,0.038117271959362972189,0.59781776479860726514
62300,1.1574064865468058905,0.0041938594127382787524,0.60000725876372840162
62400,1.1323851844646850573,-0.02696431300967979186,0.60203628979073320338
62500,1.1226018564581361492,0.0060341224700767763858,0.60334443171566087827
62600,1.1294420100909314808,0.02957076498500536485,0.60084148737689702102
62700,1.1275843074792144538,0.010547549301668334223,0.59517834829160287669
62800,1.1575708713947845396,0.091465393996617780359,0.59973335064154709162
62900,1.1516656256900756894,0.081877309536437889448,0.59250652472981168994
63000,1.1310183923453898114,0.053708198050279612468,0.58226663224359742621
63100,1.1658498042584666265,0.072978278338600210962,0.58686866080011557134
63200,1.1564419666757872474,-0.014583000835588279601,0.5818752021508996064
63300,1.1326672940270927636,0.01765518239107189899,0.58285985077365365381
63400,1.1507396429793705916,0.11402274270632192787,0.59110891846052637799
63500,1.1504535740079959716,0.058433427576680262161,0.5904571360924427692
63600,1.1425433554343893405,-0.019622360624937659063,0.59177868947974987535
63700,1.1244936970812737798,-0.023918307655903532638,0.58751975781279108801
63800,1.1341980655780634635,-0.02115914557544492855,0.58222162969739710281
63900,1.1612058395196063199,0.010840855857743806473,0.57923179062226382019
64000,1.1727741006289229553,0.12047812022901370488,0.58647288804278319141
64100,1.1567951124867339452,0.11828674968597702177,0.58698787844786559642
64200,1.153305233335005342,0.056778875005480684834,0.58729366439354924179
64300,1.1073465867265348539,-0.018296888960227179755,0.58286197382983540027
64400,1.1317940072585834788,-0.026481583150480644817,0.59527862339331882868
64500,1.1604321198277465221,0.059388275119446914951,0.60930547198391304953
64600,1.1401584951733632067,0.020617260312572785463,0.6054730633542383389
64700,1.1316415660956475886,-0.022531684109094420737,0.60051875401027576817
64800,1.1254679641025311376,0.082978385931533255038,0.59361938775207967467
64900,1.151691216354696623,0.053476096306608725262,0.59765565202732984229
65000,1.1384125462912992877,0.054178602382472379473,0.59556663736368598006
65100,1.1365146837028941018,-0.062728442618093821492,0.59144621463500435254
65200,1.1454848264620707265,0.13011509865524137353,0.60086366690582770911
65300,1.1652815539617946694,0.10149130475597363532,0.60999202703845634144
65400,1.1405006331920446438,0.047951246991107372708,0.60449049021232725831
65500,1.1239427081633703853,0.0017420446459882881363,0.59782521199271843049
65600,1.1461395349186045411,0.03960040600034245295,0.59584548492148081689
65700,1.1417102333910744694,-0.0088171027472439388734,0.59023653737339554226
65800,1.1390394456657284561,-0.096981793019788112287,0.58556786952834138926
65900,1.1565173599826503725,0.061872648347479117237,0.59347730190559078167
66000,1.1421033878874780054,0.065466129005150405784,0.58318599752071109688
66100,1.1523269044932005212,0.041005765057573320687,0.58143586134086433503
66200,1.1399666645550650124,0.0022033038631125261009,0.58089766732841474628
66300,1.1582972386678878074,-0.020648361943370548838,0.58824082431879665123
66400,1.1338311144814285925,0.14815419037622495901,0.59198317315860460308
66500,1.1439151911698748343,0.20006619736994946113,0.59551857777924388504
66600,1.1327076118497940715,0.088966912969706254954,0.58885245593999968605
66700,1.1704424898883003525,0.030563601847139205275,0.59846300816502662201
66800,1.1439750418175991253,0.020980120236805583495,0.59431362697195200262
66900,1.160511699481867165,0.097255670687348916292,0.59922466841128241288
67000,1.1481145999843678229,0.059872614359149485541,0.59760987523452957504
67100,1.1231252830995677172,0.055140272726884757837,0.59378205544377093972
67200,1.159289416355998803,-0.021001723064592109358,0.60257797027741921703
67300,1.1721059594608933541,0.12243309044513983608,0.60865000855136031088
67400,1.1533799744297998924,0.031783217815971431808,0.59956656073381686678
67500,1.1539305169431202103,0.028159406615285233894,0.59845524855010912013
67600,1.1599664644500420341,-0.033684475592795908028,0.59703718022657459308
67700,1.1594510688621377792,0.13619607286371337995,0.60174366028122650008
67800,1.155330367156396143,0.092280777890016790765,0.59757015448029626725
67900,1.1692146673286416547,0.037302652947354034141,0.59010266408704670216
68000,1.1381291171998115797,0.091872525383037320634,0.58502675583029795092
68100,1.153315404951319012,0.12140114158806528111,0.58743283084270725425
68200,1.1733058551506632128,0.027341160282482814686,0.58896255662676388898
68300,1.1352293884333914953,0.055695488173637230922,0.5905686029782212243
68400,1.1597965266419612007,0.14991055459406402162,0.59970489899677914547
68500,1.14641360095887479,0.056953446632123691518,0.59232875390714967434
68600,1.1504959800834395622,-0.053050143390974822954,0.58610725417186670949
68700,1.1357091557451728381,0.0013633689374698597721,0.57735767774028068366
68800,1.1619626949690868845,0.078368604149863033137,0.57635624298743060034
68900,1.1689300586971427265,0.032530988394051607582,0.57148550532457764728
69000,1.1352988905796366215,0.099502271329473312989,0.57968610054385028008
69100,1.1377871646609496459,0.16675388532467702585,0.58569415589889983753
69200,1.1583883934154166617,0.14018584528675429035,0.59373100933540090551
69300,1.1475763321280694207,0.079733445006044456616,0.59155652766952726562
69400,1.1221810997264329846,0.13664912980635654516,0.59832775349251576813
69500,1.133471465997747174,-0.0044461243277507094679,0.59617703083414852472
69600,1.1434745395930576706,0.04053209433796446659,0.59917047057341821237
69700,1.1095375295087683831,0.087256372053577641035,0.59496478490646964588
69800,1.1369999376326582752,0.019449066157766595891,0.59090361226399701344
69900,1.1503063890024518567,0.15554329316332951572,0.59635717916388630844
70000,1.1513203636668820629,0.026564685911024222414,0.59259223944945471629
70100,1.1554162557852347692,0.10867474805565220664,0.59841812854016873668
70200,1.1710265412868687829,0.071302569271374849347,0.60898155178642143781
70300,1.1191083282298344148,0.10464897736645384363,0.60189869704684506591
70400,1.1421967230684357819,0.10308401817258812383,0.60177133852621766952
70500,1.1524812770151540153,0.009440032508000802125,0.59883522021740454022
70600,1.1233223991039811285,0.064439993579683024771,0.59170266180682662416
70700,1.1577622647679428614,-0.037444700322917398583,0.58496334932171700771
70800,1.1808963579444475833,0.090937178950927025078,0.58921343307514140175
70900,1.146315485070668716,0.1090139144167700247,0.58248108385022434597
71000,1.1632349678864113418,-0.00055942344031509024307,0.5845368704647000424
71100,1.1407683457881476752,0.045267208588395654867,0.58791063687372702162
71200,1.1177009887253035458,0.0066390567096818375523,0.58683583133374805918
71300,1.1363575831164425267,0.036384074848452074846,0.59099331802128707292
71400,1.1479686566250466573,0.055519327576042949712,0.593737785161714271
71500,1.1555580428796918824,0.043522989617406165896,0.58817668653117716193
71600,1.1606373111571806067,0.017380641179652888545,0.58519361521867041542
71700,1.1407697854745431076,0.079724537609122736459,0.58725165691027159109
71800,1.1171796907787463482,0.097922817808001189066,0.59395395627380542791
71900,1.1471858193470272358,0.12787333131512146345,0.60596152391538593562
72000,1.1530725522311469078,0.089903039944918911042,0.60720511609464145053
72100,1.1587240018519284757,0.10783271570058397537,0.6072931672418928617
72200,1.1345723707531494284,0.038060000206839930681,0.5961643524228895652
72300,1.1380160218601087507,0.22619848086882340943,0.59767262639652185552
72400,1.1529346740675372462,0.14599185532659464393,0.59698666762103003158
72500,1.1603976967566476119,0.10800310592021367118,0.59639860785971932078
72600,1.1488388455029985291,0.11631772162729284159,0.5937270869893593872
72700,1.1317555073560381373,0.091776761002119927602,0.59226748028438680471
72800,1.1571038930599630845,0.043693460383941902514,0.59819514033642362527
72900,1.1196160200116025418,-0.027745143605026282435,0.59374182311454404282
73000,1.1341282455813059826,0.11669787387786702271,0.60461237339004858526
73100,1.139733154579718688,0.07433564054347902017,0.60544441675086635435
73200,1.118420928373693668,0.058575970487805238684,0.60471389958422983035
73300,1.1280731471297253954,0.13352316295460012197,0.60883901042113353075
73400,1.1569364906630557055,0.087722252218466745255,0.60652151659659359062
73500,1.1697361630426057477,0.15889725150711841994,0.60598584263720733922
73600,1.1447119326704338071,0.0538965788447605329,0.595088322238002565
73700,1.1507986906922316184,0.10038473038690297334,0.59312867724413798065
73800,1.1722142918696751845,0.083955729678805199323,0.5874939093645259458
73900,1.1580134043262360066,0.094181485180268267876,0.58284451310376383937
74000,1.1459032382740004241,0.105816657095284955,0.58346339116222289967
74100,1.1448600316417272271,0.03668152516702002236,0.58306145395765462958
74200,1.1492390011502644498,-0.046689561344085091232,0.58419495114192609986
74300,1.1652681097666366394,-0.0038829565989274648224,0.59098899556401651711
74400,1.1466559649774656915,0.17772940395073411057,0.59702277047445606595
74500,1.1788313966459305071,0.096719955258175727142,0.6013716553415099364
74600,1.1392804221800250097,0.032986578563451614265,0.59367923209186934663
74700,1.1469474688712664179,0.033999897475790005763,0.60012984245218858881
74800,1.1548307281065914864,0.078475670494445148861,0.602196199207695404
74900,1.1480806036676114434,0.11922110301244941144,0.60058913726472362704
75000,1.1435846734908166056,0.1109680722319299484,0.60050527157053856797
75100,1.149897738209843201,0.066374951047185742903,0.59309528951526513385
75200,1.1517163157531820072,0.084278931526975436883,0.58822214853100274201
75300,1.1442558961346300794,0.030080259476837789556,0.58336590636718399505
75400,1.1454706570832355883,-0.02626618654451360127,0.58244244844779091697
75500,1.1676820702733718971,0.16216820365588752173,0.59304536412325137285
75600,1.1281816039627745596,0.084213693059576918976,0.58200478482830564353
75700,1.1593727723167313037,0.10045427079484192667,0.5904439163997448059
75800,1.1701455141498344759,0.070323564600790408607,0.59404427622117150776
75900,1.1467906351930590159,0.10461359328203435892,0.58966577012187249007
76000,1.1545598567656374378,0.045145303120908156225,0.59219867002932657929
76100,1.132796630880747113,0.076334761941851958511,0.59146097570722555581
76200,1.1558833787632554202,0.12556958726072944832,0.6023520117299497878
76300,1.1179174683203956242,0.077194409563451138467,0.59996724498504105938
76400,1.1190566077255819089,0.072773426322849790737,0.60194494213626448254
76500,1.1699733796957514365,0.1321866243486628234,0.60772295024094236116
76600,1.1634468411974698832,0.11374122166489501751,0.60073126926617304022
76700,1.1760249357276182369,0.04893673699900960572,0.60095172741068925149
76800,1.1561970605117191102,0.10046720811392668982,0.60226747322521712036
76900,1.153565469745539529,0.11239804911296075174,0.60627998100531566017
77000,1.153394915933696252,0.10201131709620045451,0.60834775711684119237
77100,1.1244453673356979984,0.089129721338896350513,0.60070259431265404793
77200,1.1661301096217944195,0.09778408189653617355,0.60196392789303054816
77300,1.1483622124381602791,0.064535980063400583129,0.59242074353619933458
77400,1.160879175538503949,0.044049437036738317564,0.58855941463445449191
77500,1.1419621955601946262,0.10780347817127659826,0.58721233543032969049
77600,1.1712403428755580048,0.19568576632242506985,0.59985239169436410656
77700,1.1496276262431102122,0.10442305411334415477,0.59931285594280381268
77800,1.1558349387475674863,0.13832419843010551608,0.60256670571654091795
77900,1.1309725367717842204,0.1701675975751294756,0.60152252481171519793
78000,1.1836770495487476396,0.032072297272362743081,0.60696887793321097071
78100,1.1285961176799483852,0.13491935405368041256,0.60580944946525105976
78200,1.121202780587668757,0.13021145881236279029,0.60468583229576322591
78300,1.1472212734579738669,0.094745068129925932854,0.60549771312467526307
78400,1.1495009172822368004,0.025168149614605884318,0.60036452479417845574
78500,1.1391899236408544738,0.062943398524542309991,0.59663823107326963147
78600,1.1612157562631488794,0.1059595334415025375,0.60098413210696011166
78700,1.1411169419101836464,0.081486591119452861376,0.59440438358151637122
78800,1.1881171237837058197,0.12145674117154589555,0.59931842377899191554
78900,1.1663483572756014883,0.076906983718114885207,0.59189344702643487128
79000,1.1700896096421637971,0.13246542372854486214,0.59535782842656359559
79100,1.1510793394402389911,0.16644147955438806652,0.59752838364592153475
79200,1.13352859410558926,0.12589767532373641323,0.60189063504289685991
79300,1.1305826355679864381,0.073299679075423895824,0.59846639025209591445
79400,1.1455672458180079509,0.066808736588492387276,0.59503604771807228069
79500,1.1305233844436899382,-0.020971861950685784931,0.5835046832493585578
79600,1.1562212425526465776,0.078944502085982984352,0.58696587520725151954
79700,1.1742698873131263149,0.08991413464771089159,0.59124513366171860262
79800,1.1580200558794286891,0.079250077426161136263,0.59568939932449282981
79900,1.1331972354964814365,0.026683840224963544657,0.5902003993514345348
80000,1.1471839183563399267,0.11074417655886184542,0.59786453409981665796
80100,1.1462935656905937076,0.12900816933120323737,0.59690066024870158667
80200,1.1412185865922261918,0.080411428702616360997,0.59940690136848684411
80300,1.1324242028190136811,0.14670301015788819732,0.59990047845424987472
80400,1.137624991644605732,0.097643327175413449637,0.60378002601390234894
80500,1.1435166943229899683,0.11661869563098704872,0.60586445255340248828
80600,1.1536534243579157355,0.023325588961048054903,0.60250962291066578747
80700,1.1795052101758143337,0.093375898520235825484,0.60422975533483436195
80800,1.1533721242133276874,0.10430186802138464996,0.59700364827494600828
80900,1.1677039020097885746,0.03029810704562067511,0.5963186065002177294
81000,1.1343657524341617115,0.078054990622873160477,0.58579196494533580797
81100,1.1195934421566742234,0.083562119859280137302,0.57730684843754320745
81200,1.1587062005570434309,0.072341778648092436299,0.57991163173887361193
81300,1.1783095119700932596,0.073756566379013566159,0.58629163652753168989
81400,1.1678352393306807855,0.10413369600881829113,0.59588913143922817017
81500,1.1222545769765535084,0.093058943024093870866,0.58983085036944005175
81600,1.1523265616438385095,0.085211788300870255908,0.59439431576410295399
81700,1.13165209077824791,0.20810200223370420303,0.59258232896201756823
81800,1.1680733938019474127,0.077062861898147594353,0.59355660289223999282
81900,1.1527411913143406075,0.12269984885667045704,0.59637608048493850887
82000,1.1262667730322988291,-0.024814582276109331538,0.59600947612206189863
82100,1.1248539942265722846,0.12613761276364199304,0.60172421974026613078
82200,1.1463613999651587338,0.095582151639008627875,0.60402062290400349021
82300,1.1284338128139426161,0.12818210698166096484,0.59741928647219733062
82400,1.1613250250814484144,0.10256000639611957681,0.59640581079628229855
82500,1.1408638592113773402,0.077878971471257080195,0.58882006775369710727
82600,1.1392845075524093978,0.022510081776968879352,0.58702117935083719669
82700,1.1792901905737960266,0.099286770006361158014,0.59921445744831791647
82800,1.1459545247138018809,0.14229363209464038209,0.59912013117370810367
82900,1.1285994711180571404,0.19058302361688492232,0.60075805496986112164
83000,1.1249566345159209835,-0.036919999903319060397,0.58901449064799904498
83100,1.146381183876432619,0.049314531080058163215,0.59098071953084108099
83200,1.1470189568255444446,0.081711468955507141065,0.59319730152254923627
83300,1.121642135128589679,0.018846382534477987974,0.59057289554964953471
83400,1.0998941152675929533,0.025582931283272321993,0.59106207871275684429
83500,1.1553329215348646652,-0.023617904341687027958,0.59777534409091759304
83600,1.1459848229312250556,0.039640865629657233427,0.59293576431792383019
83700,1.1312472463682801127,0.060342952997674698112,0.58772398142741177907
83800,1.146971848824254625,0.098280430088698716995,0.59012754544493128961
83900,1.1342348531918315935,0.084070785992434074463,0.59607574178684208377
84000,1.1119667972138309597,0.070860419662025816989,0.59770021971852549392
84100,1.1497715321173034297,0.065953036890152402782,0.59869580521633414261
84200,1.1703776163369565833,0.0843925623599625363,0.59852085653407571808
84300,1.1371432315193570339,0.095799180338134046209,0.59190981766356176585
84400,1.1350942877605774139,0.08613658076379446249,0.58888418331206260348
84500,1.1621251885852350583,0.098189455697852714988,0.59119952063118952346
84600,1.1489434020073645559,0.10352716849444533465,0.59081374348821114051
84700,1.1671329405295036707,0.037541345243769126683,0.59596476915945872932
84800,1.1676754935120821077,0.10395791849110271043,0.59645393973072435845
84900,1.1591696883110012006,-0.084588536101244560239,0.59325087970190526487
85000,1.1435737775294294583,0.03876690975629677044,0.59870598866367674695
85100,1.138144873868016882,0.05482704051015238611,0.60103585025096051275
85200,1.1320027746150991277,0.041319382452887985779,0.5929241622714218618
85300,1.1484204865310567723,0.082954648807010006317,0.59052137159092554786
85400,1.164435809013020684,0.18161791972033894393,0.59787598774735128959
85500,1.1560658367837064464,0.088386917617172128248,0.59863785667458790929
85600,1.156987460800334766,0.16250991242603973763,0.60753021476293422865
85700,1.1348988560220047983,0.074523431773734910566,0.60216782943653091031
85800,1.1463001326132020719,0.071350467091500530126,0.60113375279785452587
85900,1.1376558411002271054,0.1055478154061481183,0.59730244686101618967
86000,1.1456629844401144958,0.11955877345291059111,0.59186698820546701505
86100,1.1593325449861104914,0.039430565746269359562,0.58863077653020168256
86200,1.1495883097523986738,0.15034184985380510957,0.59140302868621374976
86300,1.1411893689089085413,0.095460029792848219432,0.59301324956346002093
86400,1.1310052391277525263,0.1182548353483578174,0.58976050329495333102
86500,1.1420788565642370216,0.029914589425698270148,0.58988294222780723874
86600,1.1659104963927082732,-0.019017607249866355645,0.58033511832330930691
86700,1.1592254126146572801,0.028635438454136109832,0.57890975308517678144
86800,1.1419053349213788007,0.003690562240388265379,0.58057374873254830039
86900,1.1486823553504599271,0.083711325838243103026,0.58876055111905334361
87000,1.1693098375342629858,0.097837833205894023103,0.59467306300318878431
87100,1.1491910077295106607,0.091197717125458557796,0.5953312312351941582
87200,1.1552892898018094492,-0.013868781247781668611,0.59471264335059259576
87300,1.1751381043549435912,0.069979307703768353632,0.60444548223062333214
87400,1.1305729165093145738,0.022044453945923848243,0.58974991637468376915
87500,1.1610193545121569869,0.11368741968412972299,0.59817307787279150322
87600,1.1724521294401113458,0.0032466448693934226236,0.59012624630575161166
87700,1.1665863783483656491,0.048872693728639414468,0.58491161433305327577
87800,1.176938797058354913,0.10213489257090445361,0.58760404440783275959
87900,1.1682961294194285085,0.11949542804757128101,0.58808968765175384519
88000,1.158786402004083449,0.036799421451288040485,0.59452568439235708997
88100,1.1236473446820645083,0.10292785863666956137,0.59132867153633106305
88200,1.1454588540485999282,0.047670599620679869612,0.59293155849422529702
88300,1.1595277078098258361,0.13792326247328404176,0.59550492677203425984
88400,1.1555999528752167738,0.074901626358385778315,0.59089655236865046284
88500,1.1676445032818925096,0.084208690260612881207,0.59288296513493798923
88600,1.1518177149763613176,0.11031603581389351487,0.5982696141647183552
88700,1.1468331261986226544,-0.035048889876278278843,0.59493300408344051977
88800,1.1429294459529073524,0.08649043442581585972,0.59794386201610483234
88900,1.1738604497425100259,0.040104467238799776374,0.60179911234611926929
89000,1.1512243968548601103,0.010297682660925591008,0.60007102411312918111
89100,1.1296164606062955027,0.09927398819016995668,0.60486451725544343461
89200,1.1811422676515632713,-0.050375066142175482786,0.61017226398130519627
89300,1.12992538623396932,0.14407888591119627497,0.60477296572806282793
89400,1.132910100182604296,-0.018339960024034904912,0.59253063730140420606
89500,1.1397803248501114926,0.16121984594509769506,0.59195601301068545563
89600,1.1652335481300033493,0.075276162001290308767,0.59308781716568625964
89700,1.1670783146296537236,0.14146914295113180438,0.59385844599680104317
89800,1.1551699826411416794,0.037355767364434890043,0.59633662844073820342
89900,1.1408596287964332117,0.012424241262275412256,0.59572520965715158869
90000,1.1242134667096548295,0.011743151593376834063,0.59403302341596986302
90100,1.1389795640552995426,0.053388904007537422991,0.59670832721161115586
90200,1.1567169329920030663,0.11436786786673809602,0.59524776495147269095
90300,1.1739192262338218331,0.0050256567775372427975,0.58722542459250193225
90400,1.1483764690250848339,0.12171534629806578243,0.57901147082788684273
90500,1.162967729460071542,0.059084878672957925894,0.58052633868980307863
90600,1.1698931616340788597,0.080376143247583201057,0.58683078880218964013
90700,1.1440495721659007522,0.058561645701733396063,0.58745205870063665898
90800,1.1491376478943802208,0.18839462815312321697,0.59661162485157737123
90900,1.1454334063499231888,0.10861334407056405515,0.59831298797319543148
91000,1.1581808009445484497,0.010055225622112614128,0.59986132003407688362
91100,1.1390421526825709186,0.015426248251924335603,0.59689504305698248832
91200,1.1300259950864042224,-0.043834100654399479891,0.59971698176035337369
91300,1.1365825588266158519,0.06635895345434025816,0.60794898994250246016
91400,1.1306398855753525545,0.058838065916782290865,0.60077259441362285131
91500,1.1405761002188172792,0.0055082849274483078328,0.59441282925745997368
91600,1.1508089315083203097,0.12699105018291279023,0.59627417536518712016
91700,1.1599217317065479982,0.028247987527764060328,0.59232170301312825345
91800,1.1679475524618945226,0.10900623458812724875,0.59807754608562146981
91900,1.1459655406232067687,0.026238456854122942791,0.59666809579386270723
92000,1.1408346414660777146,0.048714180808442524018,0.60547462615041403033
92100,1.1648893975520600019,0.091501252663597029691,0.61216080006514739242
92200,1.1095224724403158767,0.071683318217197991573,0.60043630701342920464
92300,1.1408339933680016198,0.07698211348904901441,0.59856080682371992641
92400,1.1504379660625463355,0.12488111148918666637,0.59562349035462514024
92500,1.1757694095510282661,0.052110222103813247374,0.59670000350051211058
92600,1.1551937363553941296,0.070566393420704073836,0.58911714317667296381
92700,1.1677180348963929202,0.034813614925025597457,0.58838956963429933644
92800,1.1461737719157880644,-0.0012724511890129836141,0.58125163427645121228
92900,1.1518361296449470821,0.10728223109708290295,0.58337920569152768024
93000,1.186073202424814621,0.14052712319582447154,0.59097332085828557791
93100,1.1689156721503035641,0.034298568403401806515,0.59191600527039323065
93200,1.1464370452213021867,0.068900398135593773907,0.59431670777213729817
93300,1.1018499822788443421,0.055628578367326916854,0.59227396161690781806
93400,1.1619652755553446788,0.084624184527152146451,0.60392652325298090688
93500,1.1265619106534277005,0.03991241321754479543,0.59831688591648080067
93600,1.1316854619888607747,0.10049655374621412063,0.60780930580178771372
93700,1.1299270501081499773,-0.018541214179832579689,0.61031060386316560162
93800,1.1318895778353723625,0.020057424294240233653,0.61189767928864291502
93900,1.143782778074762474,0.12265020266274380412,0.60797242488750791178
94000,1.1555552990673474412,-0.043861165997027190544,0.60193147988662198955
94100,1.1382641178438812624,-0.025310929669139770742,0.59658556944498208896
94200,1.156565638615767444,-0.022856842305186919617,0.59593298316186216201
94300,1.1279025869273697769,0.028824074690685055899,0.58811098478745360563
94400,1.1457696345342485156,0.049937972764188737207,0.58902315074139410811
94500,1.147965948135973191,-0.0042127143477865809998,0.58569963317889739418
94600,1.1355508321280789463,0.073337622317774589509,0.58718341686764941034
94700,1.1565526689100420477,0.13230656610107424664,0.60444992418759324604
94800,1.1413841397240986897,0.12068591467088794766,0.60252586550928655118
94900,1.1322469164684787479,0.11423860712973650522,0.59828695118109342932
95000,1.1720244077234203139,0.057040788075866551143,0.6016108757012459396
95100,1.1267987652328084192,0.056949016135885759116,0.5913222927377961291
95200,1.1628411695663347647,0.047859621925620501881,0.59517583692961839592
95300,1.1661928878222673767,0.10812178546545740676,0.58820478479194182597
95400,1.1667503868756960994,0.07785906427606784086,0.58262983843485505187
95500,1.1411178892904949578,-0.036156476822497563006,0.57909951682366178627
95600,1.1570436065651721336,-0.014887213682200554563,0.58551056323643879686
95700,1.1411418937702506593,0.10477700659791641669,0.58659460401735208368
95800,1.1512979832893441845,0.028467934671920894218,0.58733920030367814391
95900,1.1605091802656071209,0.12353863146459366507,0.58982589614211222706
96000,1.1738718599125204101,0.046833802935801284451,0.5838381829869722095
96100,1.1367429336028438414,0.058151153074602675297,0.57240309202097150454
96200,1.1414695217779211589,0.11053190670544171814,0.58173440257556030542
96300,1.1605022996385174761,0.048620870132876060909,0.59039694657824293156
96400,1.1384899267808334944,0.09116826604109247445,0.59146559559123146332
96500,1.1569974978743213789,0.095528055088643940018,0.59532502386083918644
96600,1.1586501945986875661,0.073490701105743586052,0.60000533251255883105
96700,1.1338402082250158553,0.040149565847900629822,0.59730161455375629931
96800,1.151211342104380142,0.070740998995551487849,0.60674145492566133875
96900,1.1864587498143461808,0.17591541504402710694,0.61688339534724145885
97000,1.1474268406210463844,0.087294995712249426334,0.60697443494085256965
97100,1.1408717561911252414,0.033703242319607591704,0.60161967988044340316
97200,1.135551677607199883,0.09050186746038911545,0.59883045408469326443
97300,1.13786353646859828,0.11960149668915255605,0.59810615021364299526
97400,1.1523674452260552759,0.12615447912928473562,0.59907576129628592465
97500,1.1542597945239376767,0.079619871505038769532,0.59728077875999008306
97600,1.1431373507457374128,0.12742673883679875302,0.59706535260957527278
97700,1.1542899790921947734,-0.0022900718696039299577,0.59364592416856942769
97800,1.1520120555872206403,0.13253374816061133656,0.59363536065723299107
97900,1.165465449046673152,-0.0084613865100699424404,0.59409047088594924002
98000,1.1578262431520127684,0.008143345296343579634,0.59761699259469613921
98100,1.1296997212588704151,0.055870935769374421853,0.59768490217015601829
98200,1.1171385418374986109,0.034907921691092150263,0.59959292087229121293
98300,1.1501463157410218852,0.03000325633068003095,0.60363698248130126522
98400,1.1572114675035005682,0.065488652119036983024,0.59813237467785163037
98500,1.1259321600171674493,-0.029683509154740102959,0.58912590934544573074
98600,1.1157658171388944446,0.13861372126453852527,0.59390450843048669949
98700,1.1705900107339670679,0.077072649789913877383,0.59862813691162375385
98800,1.1422551146193120619,0.012062485222136877863,0.59581219872541302252
98900,1.1162678431928692024,0.088287083188467813111,0.60162740937035430466
99000,1.1441100478885732894,0.036426004658606306319,0.60894384656785960352
99100,1.1358482672988903239,0.04694914995055308321,0.61126682877926552528
99200,1.1428098526273611224,0.11661755065469288362,0.60771898649665778702
99300,1.1437460469725129197,0.092645634945048044306,0.60328804783034306602
99400,1.1266811005560335435,0.1231379760120156347,0.59273183914200844313
99500,1.1512309226226862258,0.085850855961631708513,0.59332444028746245124
99600,1.1467947522983270581,0.1093275553063614014,0.59237768494290932164
99700,1.138279498554800373,0.12224165601333959741,0.59224837092579996067
99800,1.1206326689868684188,0.059749305271344324564,0.59292631752524893596
99900,1.118996483260872532,-0.0074320420799193391906,0.59544771605771273926
100000,1.1533911565521128839,0.15188558223810688652,0.60734109716108863886
100100,1.1449931187907096408,0.11079054095036741656,0.6011412625918963748
100200,1.1327799950971204623,0.15052828160313905248,0.59140427803758832681
100300,1.1677933020660049568,0.025698186755467929132,0.59212006358046576082
100400,1.168464904722753106,-0.07351940974984942645,0.59583659241435649179
100500,1.141810102957516504,0.13829798898931969231,0.59986543963615512887
100600,1.1365787715426252102,0.055937995470388711394,0.59794963958692337602
100700,1.1161316918518360275,0.027330201474115436294,0.59015523851548412626
100800,1.1629703363273369288,0.061134224022072039539,0.59267990730993269644
100900,1.1515318226567190507,0.059328220199863987427,0.59123395907881248768
101000,1.1614949771155729241,0.047534275947658154171,0.59673683042510750063
101100,1.1577304544989390767,0.14523168494545507512,0.6060768261946108959
101200,1.1568998345288001861,0.12112696747434020805,0.60486637566445855541
101300,1.1551393485273548922,0.1105318571669827582,0.60514485381009341936
101400,1.1432085055847449606,0.012144062570136976431,0.59847883955451275373
101500,1.1674107164108684653,0.1538422574919538488,0.59448066548217515237
101600,1.1437611006373826772,0.11010746873197459206,0.58760597170452355531
101700,1.1674931362031790716,0.11006459247548777691,0.5875929872666071363
101800,1.1507271853949090357,0.017225362119895545887,0.58345816714178966311
101900,1.1249842094873940823,-0.015664673998636406693,0.58651431723839886345
102000,1.1626451465269427299,-0.00042881524033032002337,0.59965920762355828799
102100,1.1394683268328502646,0.080147521546266822789,0.60199182416304086729
102200,1.1518625428294331225,-0.084825789796241043983,0.60035719133888099108
102300,1.118710554666582091,0.020279931805933851946,0.59797977814565905774
102400,1.1386530723885559535,0.054795620800764430203,0.59725608434630539367
102500,1.1465259260022693244,0.028733597153656888906,0.58872842112527223879
102600,1.1740840504418139645,0.13626494517508150328,0.59529704321901277808
102700,1.1350217862109155398,-0.00070998644730805497791,0.59321614786956344822
102800,1.1228377015995112398,0.04576629955699194896,0.59475204738689357864
102900,1.1639978746603598658,0.1445095459837809071,0.60208435640293089808
103000,1.1562061422867562221,0.086289632810943470154,0.60003530781233316294
103100,1.1397808484701188458,0.10212003229049623765,0.60469829495938498543
103200,1.1569183183925275671,0.057589185853531156545,0.60777457028348724766
103300,1.1557894587379586859,0.13967901936969981391,0.60604851707980833542
103400,1.1681577413972048518,0.15193632008231192088,0.60523581437941920136
103500,1.1689879006004668671,0.15011093119591037426,0.60240753430589544237
103600,1.1681575054752735277,0.05448893920950084041,0.60118287701756667474
103700,1.138414883324343263,0.062237594183112095181,0.60550247763185438554
103800,1.1318848087356345733,0.095573104004272241285,0.60768900488861254949
103900,1.1476736408415177948,0.054516497799017397952,0.60752085886006501614
104000,1.1371279554387039301,0.13104778348497583829,0.60174559323980625347
104100,1.1359482968755649779,0.025255695658891942623,0.59797979992730587728
104200,1.1309189403644974714,0.0027776044047200846264,0.59298967429509763516
104300,1.1279817702519876477,0.042946358136557200025,0.58795799141242577335
104400,1.1676266563545487642,0.16197410618179322594,0.59884171541817021733
104500,1.1503653088587533215,0.063225501685652316097,0.58969679627134685695
104600,1.1278893123198774351,0.06836526937630953149,0.58684977371014546144
104700,1.1594562561268870748,0.035072555449669855221,0.58842487608590421377
104800,1.1393811814173502306,0.077695202037066285472,0.58477233107078629981
104900,1.1688125046247570538,0.12300230011571572364,0.58219768987505027269
105000,1.1461792164709370123,-0.0068183749658418954867,0.57467867072133937967
105100,1.2014975983887725697,0.045652118504487797235,0.58776623832912511247
105200,1.1661050753221500198,0.19598556021309337938,0.59462063666986064714
105300,1.1456736215136760215,0.074055491969638259642,0.59262167602606641292
105400,1.1436422823757244061,0.12738662293958247229,0.59476994992168696896
105500,1.1836631774295893749,0.12668399149431178174,0.60822978107831782157
105600,1.142970356852098579,0.073427845399981289676,0.60527315000187242866
105700,1.1365563166151124719,0.11255519854364143262,0.60584298132413894056
105800,1.1396050127520716,-0.048050830770020973304,0.59749878174317139212
105900,1.1198699026463005968,0.036817829585752671895,0.59592872888091208416
106000,1.1281611820624168896,0.003800508230302224958,0.59191163987284678427
106100,1.1380531961413142827,0.090308221535757543519,0.59503742036917806058
106200,1.1480468903983307438,-0.028733377982522782801,0.59173794568668602878
106300,1.1548132888988640321,-0.0090691738022756606535,0.59211111175201625034
106400,1.1559054377681063919,0.09134263238339222768,0.58762138544357467307
106500,1.1606437641109104142,0.1245397241468988031,0.5869531652260631116
106600,1.1699739583275765575,0.12208410056102057817,0.59019786796155548902
106700,1.1173224447976237705,0.01261811005212152767,0.58759765720833367908
106800,1.120234728327091922,-0.030452766332309994662,0.5888142997743998075
106900,1.1393220031751525312,0.058303895387941555295,0.59601313575412995238
107000,1.1623182848670876588,0.068236573327496718999,0.59603334091005921724
107100,1.1741111630652849573,0.052600820279627827358,0.59237113434499044651
107200,1.1737465293938951216,0.16899223450673808711,0.59288464546000685385
107300,1.1601469657499257071,0.0081082656488709482084,0.58615935040384881116
107400,1.1450102630635687895,0.073927456771970462279,0.59079328557269050748
107500,1.1399294756243789628,0.044639777086186653576,0.59835703296692166475
107600,1.1464237357258482142,0.010193552214785704668,0.60223960645675533865
107700,1.155258319293250846,0.10890776071703850425,0.60813725929826767391
107800,1.1306130116624775184,0.10638490357500013372,0.60148775049491087774
107900,1.1487393217142247703,0.039347121367708869089,0.59620101351574417148
108000,1.1521463117486621108,-0.0066958697679989414783,0.59034515788827912619
108100,1.1614999122277727128,0.15428085072404412736,0.59719213189443132173
108200,1.1382348098947001613,0.074398019161336509386,0.58959862643758842449
108300,1.1726127583754297756,0.18695388616646965718,0.59772434312717792615
108400,1.1735710816843301085,0.055874354428338275647,0.58628462349228538386
108500,1.1553933707552390686,0.11316060205807926264,0.5813788289625394512
108600,1.1404986942181163379,0.18730999306604018129,0.58614350134117509938
108700,1.171713935506747184,0.049047171494055123719,0.59390163392932393549
108800,1.1385529899346900073,0.052349505072401575356,0.59429967883284429142
108900,1.1611943218498896879,0.036041117521455966199,0.59699168036793148762
109000,1.173213991237090692,0.10475830340941669205,0.60301926260083538178
109100,1.140374701661703627,0.15375177535867115552,0.602222529905703019
109200,1.1469272522841509332,0.051820157103463992954,0.60493124595520231246
109300,1.1165730958256889771,0.16919264954664195444,0.60663709994250114566
109400,1.1259910371121186756,0.022122460816048065968,0.60494510601175066622
109500,1.1437492960528459207,0.02673326129083639785,0.60261995986108829459
109600,1.1605965595556413383,0.097814690996343836571,0.60238216789356657799
109700,1.1419176085379536545,0.17077682655735798578,0.59953557078711405826
109800,1.1696247058629085647,0.14803725170689077673,0.60231836088336587753
109900,1.1312771396715599614,0.019248870551287090153,0.58883539165459453102
110000,1.1481796811151681048,0.10358774466915429691,0.59320809320699563472
110100,1.1370773785665824196,0.052932199874299840081,0.58562927831652444866
110200,1.18341993788343669,0.082371450077154712011,0.59047350679895327374
110300,1.1706815220510664588,0.22738811688781210285,0.59397794398953029926
110400,1.1677034965943371425,0.099152739716560425731,0.59566393631942549103
110500,1.1557770761222216915,0.15694144768121950917,0.6000190678039694081
110600,1.1488282060305203824,0.03969767578972922123,0.60104239803146630727
110700,1.1469340486448240668,0.025939052068252175381,0.60174037302271632388
110800,1.1309504684485101045,0.13054021830188805575,0.60560232250906087526
110900,1.1502002577350762813,0.069707665041304642251,0.60462309407932934846
111000,1.1423589921841161843,0.13573053259857212338,0.59630054234656382217
111100,1.1598462974280541182,0.060490039178987813073,0.59596670030964515874
111200,1.1575349568932060684,0.083664048505466451222,0.5988857727919953966
111300,1.1424541552643319164,-0.039667583509301607148,0.59520081464301777263
111400,1.1644659738330693788,0.059394960118799945692,0.60559440143661569245
111500,1.1497437395650209613,0.12437272005909000283,0.60993559995390189687
111600,1.1324558141705900471,0.0862719865418595383,0.6144459187036984682
111700,1.148421275839912159,0.16787045012878779038,0.62024438482749288948
111800,1.1375513865024420301,0.12178904995445591353,0.61365595594143795832
111900,1.1432481723977183652,-0.029538702652478845273,0.60664334424525634404
112000,1.1403010251050635926,0.098506321715370631642,0.60615376701707501805
112100,1.1455243130361763004,0.095413709605894223009,0.60339589601777632311
112200,1.1491961644737633819,0.02868086398392260053,0.59573004547194141622
112300,1.1522936454919521232,0.089766803333929542918,0.59681085688092505581
112400,1.1471109188495238751,0.11020413287270795777,0.59894006273733835233
112500,1.1437062934052655283,-0.021246771568738137548,0.59490246601393870218
112600,1.1639414835877144316,0.1557997660584575228,0.60019055719125580239
112700,1.1549914898984983136,0.13506997878784279821,0.59309884142379631911
112800,1.1540270226206588156,0.056019031161147474218,0.58783575977921698197
112900,1.1646292566171994043,0.10948750178865535032,0.59136035123392449719
113000,1.1378830339288283913,0.057994756679464458393,0.58998751233845914133
113100,1.1586696199322656931,-0.02967823945757640941,0.59631044150601053566
113200,1.1125281176467172184,-0.015951212629135062826,0.59356771347979320197
113300,1.1213243093098612668,0.050695884779912769869,0.59632994997338795162
113400,1.1388383628186147245,0.029049906660157547023,0.59580985822846299627
113500,1.1588748953871157443,0.058307521071216394937,0.59172575220750056602
113600,1.1387506175931270125,0.047383065112670381958,0.58598139441084906576
113700,1.1618033802211633621,0.052451284469194399407,0.58865242828334563008
113800,1.1627729920944369635,0.11088238041676906631,0.59649340215916868413
113900,1.1581538059684941544,0.059826902810735362037,0.59672352224009006516
114000,1.1337982270426645304,0.10200416743004335485,0.59643496578666199692
114100,1.1359722666926901358,0.05644020664064414855,0.59173316577238965763
114200,1.1640516943208756295,0.0051740533253629913957,0.59550197902589274701
114300,1.1299273141705479251,0.041548257549255070142,0.59075207242644556249
114400,1.1325523435632900426,0.067556404430020658425,0.59334340740163971084
114500,1.1420288916081595687,0.083671228950131695812,0.59645580497202155268
114600,1.1739405347625020415,0.13414245246127251554,0.60653837406434285562
114700,1.1561369008447632822,0.13105752314867710751,0.59992297560249474575
114800,1.1655038917534970011,0.083162336826471658369,0.59795651939268035235
114900,1.154760311078549373,0.060048482382996558326,0.5903804192175128307
115000,1.1698711352774975314,0.078070739617849077563,0.59001779622529781921
115100,1.1445460730791705561,0.0497491498022420639,0.58699209709866539963
115200,1.1380861046310239981,0.13353427344224474971,0.59301824535201785871
115300,1.1519290629389034031,0.023335376471376022972,0.59511161279527169388
115400,1.1489273624521945116,-0.068084569752065768333,0.60028986549870944067
115500,1.1494439246589955861,0.0046268363485710735372,0.60217863451201414371
115600,1.1775867324951290183,0.0058563022032269646325,0.6047091638271189229
115700,1.1417308147271265639,0.038137598864090065109,0.59532016509424801054
115800,1.149400101695388754,0.076541154478636894143,0.59227087061612315733
115900,1.1535875584792927295,0.10322632586234294083,0.58549006112110546507
116000,1.1663226805511248685,0.064590627227440841618,0.58684411167947636567
116100,1.1558222664949795444,0.089997074710336397163,0.5864296226271512591
116200,1.1725806199214505732,0.0640303556368805038,0.59191026059289564287
116300,1.1513161231708048948,0.19105206667518986885,0.59493849358863337695
116400,1.1539150871061500947,0.092953862879016357912,0.59684854820078037108
116500,1.1474835908051854716,0.15022275897847867099,0.60274841850812677091
116600,1.1403317693041883363,0.097882435147187640823,0.60674751700053897174
116700,1.1438152103301859608,-0.07316184878779775913,0.60753648453857700407
116800,1.114919163203535124,0.044354360133788198195,0.60485645330969972644
116900,1.1198689741419682875,0.031945831915329299389,0.60161395424277419597
117000,1.1522431608064622743,0.1328338854737672603,0.60587180177982835616
117100,1.1423666776931951095,0.067388327812936063554,0.60023634381758850243
117200,1.1513291310081084085,0.055695736848426623256,0.59916732859488386342
117300,1.139612504512865554,0.070647112645609605464,0.59436193065635112287
117400,1.152163430758022189,0.016928904009376379708,0.58803537448840348389
117500,1.1484535919678069416,0.011002974177688829363,0.5813953878690039101
117600,1.1548338231177779356,0.050836326336357165467,0.58318634288157622514
117700,1.1469060476308119423,0.13710361240270360628,0.58521420375371435707
117800,1.14315643965431879,0.05976729777348463446,0.59095685831350008854
117900,1.1112761148757537288,0.0083382065094026319718,0.58400551002537925971
118000,1.1510092801113971372,0.015798217288088927529,0.59158242484690959362
118100,1.1428466670621757473,0.045956224828935708648,0.58870745337973595657
118200,1.1527984630007850342,0.059206871988816543728,0.59340789071681698807
118300,1.1302025813609133387,-0.0074542246069002476849,0.59352948520229720231
118400,1.1466782467585381333,0.12718274801353718351,0.6021902860922759837
118500,1.1325792267749097419,0.10021703783433420776,0.60340082801497385567
118600,1.129766253994833658,0.067917123883459121214,0.60482249838012247523
118700,1.1328664039151032927,0.11750378720001111721,0.60685654321839388459
118800,1.1741899112044322795,-0.044463034166968153083,0.60465696447762529164
118900,1.1569442678636858712,-0.013177685227079903238,0.59702398857293792478
119000,1.1609800886644245921,0.087673334998931123918,0.59746239087372465804
119100,1.1768288441138876621,0.13991208313784905815,0.59707262089503843061
119200,1.1490596572582900681,0.05291159970928482198,0.58086602411520382727
119300,1.1386905927681649775,0.076204373076058096181,0.57582207849637268016
119400,1.1485333154326005101,0.11394863822892074834,0.58148455062227377699
119500,1.1659750031156621564,0.0014027679997519677032,0.58464017287209779639
119600,1.1373968197368771182,0.15270601836161831755,0.5907523590471704944
119700,1.1507526751588328384,0.16771394811364045974,0.59869619997376777309
119800,1.1787166252218284068,0.1045508510509968042,0.60448889216650225631
119900,1.1556368581518632332,0.068326185777239353825,0.60172798832352270004
120000,1.1612944680694337052,0.11844228632636352727,0.60913830850973549325
120100,1.1466871776267388849,0.10290938389566518796,0.6081207305139151309
120200,1.1374252413730623346,0.044456770995878198971,0.60779015786247680975
120300,1.1433025674486254619,0.0019581946867554709743,0.59795563545942442829
